[{"model": "EntryApp.imagefile", "pk": 1, "fields": {"img_path": "test_image_33.jpg", "img_file_name": "test_image_33.jpg", "img_folder_path": "", "img_reel": "test_reel", "img_position": 39, "create_date": "2021-04-19T16:26:36.553Z", "last_modified": "2021-04-19T16:29:58.652Z", "year": null, "image_type": null, "is_complete": null, "timestamp": null, "problem": false, "prob_description": null, "flagged_view": null}}, {"model": "EntryApp.imagefile", "pk": 2, "fields": {"img_path": "test_image_12.jpg", "img_file_name": "test_image_12.jpg", "img_folder_path": "", "img_reel": "test_reel", "img_position": 16, "create_date": "2021-04-19T16:26:36.568Z", "last_modified": "2021-04-19T16:29:58.352Z", "year": null, "image_type": null, "is_complete": null, "timestamp": null, "problem": false, "prob_description": null, "flagged_view": null}}, {"model": "EntryApp.imagefile", "pk": 3, "fields": {"img_path": "test_image_30.jpg", "img_file_name": "test_image_30.jpg", "img_folder_path": "", "img_reel": "test_reel", "img_position": 36, "create_date": "2021-04-19T16:26:36.580Z", "last_modified": "2021-04-19T16:29:58.613Z", "year": null, "image_type": null, "is_complete": null, "timestamp": null, "problem": false, "prob_description": null, "flagged_view": null}}, {"model": "EntryApp.imagefile", "pk": 4, "fields": {"img_path": "fake_IMG_4.jpg", "img_file_name": "fake_IMG_4.jpg", "img_folder_path": "", "img_reel": "test_reel", "img_position": 7, "create_date": "2021-04-19T16:26:36.593Z", "last_modified": "2021-04-19T16:29:58.183Z", "year": null, "image_type": null, "is_complete": null, "timestamp": null, "problem": false, "prob_description": null, "flagged_view": null}}, {"model": "EntryApp.imagefile", "pk": 5, "fields": {"img_path": "dummy_1990_breaker_jbid456", "img_file_name": "dummy_1990_breaker_jbid456", "img_folder_path": "", "img_reel": "test_reel", "img_position": 2, "create_date": "2021-04-19T16:26:36.613Z", "last_modified": "2021-04-19T16:29:58.093Z", "year": null, "image_type": null, "is_complete": null, "timestamp": null, "problem": false, "prob_description": null, "flagged_view": null}}, {"model": "EntryApp.imagefile", "pk": 6, "fields": {"img_path": "test_image_10.jpg", "img_file_name": "test_image_10.jpg", "img_folder_path": "", "img_reel": "test_reel", "img_position": 14, "create_date": "2021-04-19T16:26:36.621Z", "last_modified": "2021-04-19T16:29:58.325Z", "year": null, "image_type": null, "is_complete": null, "timestamp": null, "problem": false, "prob_description": null, "flagged_view": null}}, {"model": "EntryApp.imagefile", "pk": 7, "fields": {"img_path": "test_image_21.jpg", "img_file_name": "test_image_21.jpg", "img_folder_path": "", "img_reel": "test_reel", "img_position": 26, "create_date": "2021-04-19T16:26:36.633Z", "last_modified": "2021-04-19T16:29:58.483Z", "year": null, "image_type": null, "is_complete": null, "timestamp": null, "problem": false, "prob_description": null, "flagged_view": null}}, {"model": "EntryApp.imagefile", "pk": 8, "fields": {"img_path": "test_image_7.jpg", "img_file_name": "test_image_7.jpg", "img_folder_path": "", "img_reel": "test_reel", "img_position": 44, "create_date": "2021-04-19T16:26:36.646Z", "last_modified": "2021-04-19T16:29:58.717Z", "year": null, "image_type": null, "is_complete": null, "timestamp": null, "problem": false, "prob_description": null, "flagged_view": null}}, {"model": "EntryApp.imagefile", "pk": 9, "fields": {"img_path": "fake_IMG_2.jpg", "img_file_name": "fake_IMG_2.jpg", "img_folder_path": "", "img_reel": "test_reel", "img_position": 5, "create_date": "2021-04-19T16:26:36.658Z", "last_modified": "2021-04-19T16:29:58.142Z", "year": null, "image_type": null, "is_complete": null, "timestamp": null, "problem": false, "prob_description": null, "flagged_view": null}}, {"model": "EntryApp.imagefile", "pk": 10, "fields": {"img_path": "test_image_29.jpg", "img_file_name": "test_image_29.jpg", "img_folder_path": "", "img_reel": "test_reel", "img_position": 34, "create_date": "2021-04-19T16:26:36.677Z", "last_modified": "2021-04-19T16:29:58.587Z", "year": null, "image_type": null, "is_complete": null, "timestamp": null, "problem": false, "prob_description": null, "flagged_view": null}}, {"model": "EntryApp.imagefile", "pk": 11, "fields": {"img_path": "test_image_32.jpg", "img_file_name": "test_image_32.jpg", "img_folder_path": "", "img_reel": "test_reel", "img_position": 38, "create_date": "2021-04-19T16:26:36.690Z", "last_modified": "2021-04-19T16:29:58.639Z", "year": null, "image_type": null, "is_complete": null, "timestamp": null, "problem": false, "prob_description": null, "flagged_view": null}}, {"model": "EntryApp.imagefile", "pk": 12, "fields": {"img_path": "test_image_34.jpg", "img_file_name": "test_image_34.jpg", "img_folder_path": "", "img_reel": "test_reel", "img_position": 40, "create_date": "2021-04-19T16:26:36.702Z", "last_modified": "2021-04-19T16:29:58.665Z", "year": null, "image_type": null, "is_complete": null, "timestamp": null, "problem": false, "prob_description": null, "flagged_view": null}}, {"model": "EntryApp.imagefile", "pk": 13, "fields": {"img_path": "test_image_15.jpg", "img_file_name": "test_image_15.jpg", "img_folder_path": "", "img_reel": "test_reel", "img_position": 19, "create_date": "2021-04-19T16:26:36.714Z", "last_modified": "2021-04-19T16:29:58.391Z", "year": null, "image_type": null, "is_complete": null, "timestamp": null, "problem": false, "prob_description": null, "flagged_view": null}}, {"model": "EntryApp.imagefile", "pk": 14, "fields": {"img_path": "test_image_26.jpg", "img_file_name": "test_image_26.jpg", "img_folder_path": "", "img_reel": "test_reel", "img_position": 31, "create_date": "2021-04-19T16:26:36.726Z", "last_modified": "2021-04-19T16:29:58.548Z", "year": null, "image_type": null, "is_complete": null, "timestamp": null, "problem": false, "prob_description": null, "flagged_view": null}}, {"model": "EntryApp.imagefile", "pk": 15, "fields": {"img_path": "test_image_11.jpg", "img_file_name": "test_image_11.jpg", "img_folder_path": "", "img_reel": "test_reel", "img_position": 15, "create_date": "2021-04-19T16:26:36.738Z", "last_modified": "2021-04-19T16:29:58.338Z", "year": null, "image_type": null, "is_complete": null, "timestamp": null, "problem": false, "prob_description": null, "flagged_view": null}}, {"model": "EntryApp.imagefile", "pk": 16, "fields": {"img_path": "test_image_9.jpg", "img_file_name": "test_image_9.jpg", "img_folder_path": "", "img_reel": "test_reel", "img_position": 46, "create_date": "2021-04-19T16:26:36.751Z", "last_modified": "2021-04-19T16:29:58.743Z", "year": null, "image_type": null, "is_complete": null, "timestamp": null, "problem": false, "prob_description": null, "flagged_view": null}}, {"model": "EntryApp.imagefile", "pk": 17, "fields": {"img_path": "fake_IMG_8.jpg", "img_file_name": "fake_IMG_8.jpg", "img_folder_path": "", "img_reel": "test_reel", "img_position": 11, "create_date": "2021-04-19T16:26:36.767Z", "last_modified": "2021-04-19T16:29:58.265Z", "year": null, "image_type": null, "is_complete": null, "timestamp": null, "problem": false, "prob_description": null, "flagged_view": null}}, {"model": "EntryApp.imagefile", "pk": 18, "fields": {"img_path": "test_image_28.jpg", "img_file_name": "test_image_28.jpg", "img_folder_path": "", "img_reel": "test_reel", "img_position": 33, "create_date": "2021-04-19T16:26:36.787Z", "last_modified": "2021-04-19T16:29:58.574Z", "year": null, "image_type": null, "is_complete": null, "timestamp": null, "problem": false, "prob_description": null, "flagged_view": null}}, {"model": "EntryApp.imagefile", "pk": 19, "fields": {"img_path": "test_image_23.jpg", "img_file_name": "test_image_23.jpg", "img_folder_path": "", "img_reel": "test_reel", "img_position": 28, "create_date": "2021-04-19T16:26:36.799Z", "last_modified": "2021-04-19T16:29:58.508Z", "year": null, "image_type": null, "is_complete": null, "timestamp": null, "problem": false, "prob_description": null, "flagged_view": null}}, {"model": "EntryApp.imagefile", "pk": 20, "fields": {"img_path": "test_image_18.jpg", "img_file_name": "test_image_18.jpg", "img_folder_path": "", "img_reel": "test_reel", "img_position": 22, "create_date": "2021-04-19T16:26:36.812Z", "last_modified": "2021-04-19T16:29:58.431Z", "year": null, "image_type": null, "is_complete": null, "timestamp": null, "problem": false, "prob_description": null, "flagged_view": null}}, {"model": "EntryApp.imagefile", "pk": 21, "fields": {"img_path": "test_image_3.jpg", "img_file_name": "test_image_3.jpg", "img_folder_path": "", "img_reel": "test_reel", "img_position": 35, "create_date": "2021-04-19T16:26:36.824Z", "last_modified": "2021-04-19T16:29:58.600Z", "year": null, "image_type": null, "is_complete": null, "timestamp": null, "problem": false, "prob_description": null, "flagged_view": null}}, {"model": "EntryApp.imagefile", "pk": 22, "fields": {"img_path": "fake_IMG_5.jpg", "img_file_name": "fake_IMG_5.jpg", "img_folder_path": "", "img_reel": "test_reel", "img_position": 8, "create_date": "2021-04-19T16:26:36.837Z", "last_modified": "2021-04-19T16:29:58.204Z", "year": null, "image_type": null, "is_complete": null, "timestamp": null, "problem": false, "prob_description": null, "flagged_view": null}}, {"model": "EntryApp.imagefile", "pk": 23, "fields": {"img_path": "test_image_6.jpg", "img_file_name": "test_image_6.jpg", "img_folder_path": "", "img_reel": "test_reel", "img_position": 43, "create_date": "2021-04-19T16:26:36.856Z", "last_modified": "2021-04-19T16:29:58.704Z", "year": null, "image_type": null, "is_complete": null, "timestamp": null, "problem": false, "prob_description": null, "flagged_view": null}}, {"model": "EntryApp.imagefile", "pk": 24, "fields": {"img_path": "test_image_1.jpg", "img_file_name": "test_image_1.jpg", "img_folder_path": "", "img_reel": "test_reel", "img_position": 13, "create_date": "2021-04-19T16:26:36.868Z", "last_modified": "2021-04-19T16:29:58.310Z", "year": null, "image_type": null, "is_complete": null, "timestamp": null, "problem": false, "prob_description": null, "flagged_view": null}}, {"model": "EntryApp.imagefile", "pk": 25, "fields": {"img_path": "fake_IMG_1.jpg", "img_file_name": "fake_IMG_1.jpg", "img_folder_path": "", "img_reel": "test_reel", "img_position": 4, "create_date": "2021-04-19T16:26:36.880Z", "last_modified": "2021-04-19T16:29:58.122Z", "year": null, "image_type": null, "is_complete": null, "timestamp": null, "problem": false, "prob_description": null, "flagged_view": null}}, {"model": "EntryApp.imagefile", "pk": 26, "fields": {"img_path": "fake_IMG_9.jpg", "img_file_name": "fake_IMG_9.jpg", "img_folder_path": "", "img_reel": "test_reel", "img_position": 12, "create_date": "2021-04-19T16:26:36.900Z", "last_modified": "2021-04-19T16:29:58.286Z", "year": null, "image_type": null, "is_complete": null, "timestamp": null, "problem": false, "prob_description": null, "flagged_view": null}}, {"model": "EntryApp.imagefile", "pk": 27, "fields": {"img_path": "test_image_17.jpg", "img_file_name": "test_image_17.jpg", "img_folder_path": "", "img_reel": "test_reel", "img_position": 21, "create_date": "2021-04-19T16:26:36.920Z", "last_modified": "2021-04-19T16:29:58.417Z", "year": null, "image_type": null, "is_complete": null, "timestamp": null, "problem": false, "prob_description": null, "flagged_view": null}}, {"model": "EntryApp.imagefile", "pk": 28, "fields": {"img_path": "fake_IMG_7.jpg", "img_file_name": "fake_IMG_7.jpg", "img_folder_path": "", "img_reel": "test_reel", "img_position": 10, "create_date": "2021-04-19T16:26:36.932Z", "last_modified": "2021-04-19T16:29:58.245Z", "year": null, "image_type": null, "is_complete": null, "timestamp": null, "problem": false, "prob_description": null, "flagged_view": null}}, {"model": "EntryApp.imagefile", "pk": 29, "fields": {"img_path": "test_image_31.jpg", "img_file_name": "test_image_31.jpg", "img_folder_path": "", "img_reel": "test_reel", "img_position": 37, "create_date": "2021-04-19T16:26:36.952Z", "last_modified": "2021-04-19T16:29:58.626Z", "year": null, "image_type": null, "is_complete": null, "timestamp": null, "problem": false, "prob_description": null, "flagged_view": null}}, {"model": "EntryApp.imagefile", "pk": 30, "fields": {"img_path": "test_image_8.jpg", "img_file_name": "test_image_8.jpg", "img_folder_path": "", "img_reel": "test_reel", "img_position": 45, "create_date": "2021-04-19T16:26:36.965Z", "last_modified": "2021-04-19T16:29:58.730Z", "year": null, "image_type": null, "is_complete": null, "timestamp": null, "problem": false, "prob_description": null, "flagged_view": null}}, {"model": "EntryApp.imagefile", "pk": 31, "fields": {"img_path": "test_image_22.jpg", "img_file_name": "test_image_22.jpg", "img_folder_path": "", "img_reel": "test_reel", "img_position": 27, "create_date": "2021-04-19T16:26:36.977Z", "last_modified": "2021-04-19T16:29:58.495Z", "year": null, "image_type": null, "is_complete": null, "timestamp": null, "problem": false, "prob_description": null, "flagged_view": null}}, {"model": "EntryApp.imagefile", "pk": 32, "fields": {"img_path": "fake_IMG_6.jpg", "img_file_name": "fake_IMG_6.jpg", "img_folder_path": "", "img_reel": "test_reel", "img_position": 9, "create_date": "2021-04-19T16:26:36.989Z", "last_modified": "2021-04-19T16:29:58.224Z", "year": null, "image_type": null, "is_complete": null, "timestamp": null, "problem": false, "prob_description": null, "flagged_view": null}}, {"model": "EntryApp.imagefile", "pk": 33, "fields": {"img_path": "test_image_19.jpg", "img_file_name": "test_image_19.jpg", "img_folder_path": "", "img_reel": "test_reel", "img_position": 23, "create_date": "2021-04-19T16:26:37.009Z", "last_modified": "2021-04-19T16:29:58.444Z", "year": null, "image_type": null, "is_complete": null, "timestamp": null, "problem": false, "prob_description": null, "flagged_view": null}}, {"model": "EntryApp.imagefile", "pk": 34, "fields": {"img_path": "dummy_1990_breaker_jbid123", "img_file_name": "dummy_1990_breaker_jbid123", "img_folder_path": "", "img_reel": "test_reel", "img_position": 1, "create_date": "2021-04-19T16:26:37.021Z", "last_modified": "2021-04-19T16:29:58.083Z", "year": null, "image_type": null, "is_complete": null, "timestamp": null, "problem": false, "prob_description": null, "flagged_view": null}}, {"model": "EntryApp.imagefile", "pk": 35, "fields": {"img_path": "test_image_20.jpg", "img_file_name": "test_image_20.jpg", "img_folder_path": "", "img_reel": "test_reel", "img_position": 25, "create_date": "2021-04-19T16:26:37.029Z", "last_modified": "2021-04-19T16:29:58.470Z", "year": null, "image_type": null, "is_complete": null, "timestamp": null, "problem": false, "prob_description": null, "flagged_view": null}}, {"model": "EntryApp.imagefile", "pk": 36, "fields": {"img_path": "test_image_5.jpg", "img_file_name": "test_image_5.jpg", "img_folder_path": "", "img_reel": "test_reel", "img_position": 42, "create_date": "2021-04-19T16:26:37.042Z", "last_modified": "2021-04-19T16:29:58.691Z", "year": null, "image_type": null, "is_complete": null, "timestamp": null, "problem": false, "prob_description": null, "flagged_view": null}}, {"model": "EntryApp.imagefile", "pk": 37, "fields": {"img_path": "test_image_14.jpg", "img_file_name": "test_image_14.jpg", "img_folder_path": "", "img_reel": "test_reel", "img_position": 18, "create_date": "2021-04-19T16:26:37.054Z", "last_modified": "2021-04-19T16:29:58.379Z", "year": null, "image_type": null, "is_complete": null, "timestamp": null, "problem": false, "prob_description": null, "flagged_view": null}}, {"model": "EntryApp.imagefile", "pk": 38, "fields": {"img_path": "test_image_2.jpg", "img_file_name": "test_image_2.jpg", "img_folder_path": "", "img_reel": "test_reel", "img_position": 24, "create_date": "2021-04-19T16:26:37.066Z", "last_modified": "2021-04-19T16:29:58.457Z", "year": null, "image_type": null, "is_complete": null, "timestamp": null, "problem": false, "prob_description": null, "flagged_view": null}}, {"model": "EntryApp.imagefile", "pk": 39, "fields": {"img_path": "test_image_13.jpg", "img_file_name": "test_image_13.jpg", "img_folder_path": "", "img_reel": "test_reel", "img_position": 17, "create_date": "2021-04-19T16:26:37.078Z", "last_modified": "2021-04-19T16:29:58.366Z", "year": null, "image_type": null, "is_complete": null, "timestamp": null, "problem": false, "prob_description": null, "flagged_view": null}}, {"model": "EntryApp.imagefile", "pk": 40, "fields": {"img_path": "test_image_16.jpg", "img_file_name": "test_image_16.jpg", "img_folder_path": "", "img_reel": "test_reel", "img_position": 20, "create_date": "2021-04-19T16:26:37.091Z", "last_modified": "2021-04-19T16:29:58.404Z", "year": null, "image_type": null, "is_complete": null, "timestamp": null, "problem": false, "prob_description": null, "flagged_view": null}}, {"model": "EntryApp.imagefile", "pk": 41, "fields": {"img_path": "test_image_27.jpg", "img_file_name": "test_image_27.jpg", "img_folder_path": "", "img_reel": "test_reel", "img_position": 32, "create_date": "2021-04-19T16:26:37.103Z", "last_modified": "2021-04-19T16:29:58.561Z", "year": null, "image_type": null, "is_complete": null, "timestamp": null, "problem": false, "prob_description": null, "flagged_view": null}}, {"model": "EntryApp.imagefile", "pk": 42, "fields": {"img_path": "test_image_4.jpg", "img_file_name": "test_image_4.jpg", "img_folder_path": "", "img_reel": "test_reel", "img_position": 41, "create_date": "2021-04-19T16:26:37.115Z", "last_modified": "2021-04-19T16:29:58.678Z", "year": null, "image_type": null, "is_complete": null, "timestamp": null, "problem": false, "prob_description": null, "flagged_view": null}}, {"model": "EntryApp.imagefile", "pk": 43, "fields": {"img_path": "fake_IMG_3.jpg", "img_file_name": "fake_IMG_3.jpg", "img_folder_path": "", "img_reel": "test_reel", "img_position": 6, "create_date": "2021-04-19T16:26:37.127Z", "last_modified": "2021-04-19T16:29:58.162Z", "year": null, "image_type": null, "is_complete": null, "timestamp": null, "problem": false, "prob_description": null, "flagged_view": null}}, {"model": "EntryApp.imagefile", "pk": 44, "fields": {"img_path": "test_image_24.jpg", "img_file_name": "test_image_24.jpg", "img_folder_path": "", "img_reel": "test_reel", "img_position": 29, "create_date": "2021-04-19T16:26:37.147Z", "last_modified": "2021-04-19T16:29:58.522Z", "year": null, "image_type": null, "is_complete": null, "timestamp": null, "problem": false, "prob_description": null, "flagged_view": null}}, {"model": "EntryApp.imagefile", "pk": 45, "fields": {"img_path": "test_image_25.jpg", "img_file_name": "test_image_25.jpg", "img_folder_path": "", "img_reel": "test_reel", "img_position": 30, "create_date": "2021-04-19T16:26:37.159Z", "last_modified": "2021-04-19T16:29:58.535Z", "year": null, "image_type": null, "is_complete": null, "timestamp": null, "problem": false, "prob_description": null, "flagged_view": null}}, {"model": "EntryApp.imagefile", "pk": 46, "fields": {"img_path": "fake_IMG_0.jpg", "img_file_name": "fake_IMG_0.jpg", "img_folder_path": "", "img_reel": "test_reel", "img_position": 3, "create_date": "2021-04-19T16:26:37.171Z", "last_modified": "2021-04-19T16:29:58.102Z", "year": null, "image_type": null, "is_complete": null, "timestamp": null, "problem": false, "prob_description": null, "flagged_view": null}}, {"model": "EntryApp.image", "pk": 1, "fields": {"image_file": 46, "jbid": "jbid456", "year": null, "image_type": null, "is_complete": false, "timestamp": null, "problem": false, "prob_description": null, "flagged_view": null, "create_date": "2021-04-19T15:28:57.676Z", "last_modified": "2021-04-19T16:29:58.107Z"}}, {"model": "EntryApp.image", "pk": 2, "fields": {"image_file": 46, "jbid": "jbid123", "year": 1960, "image_type": "breaker", "is_complete": true, "timestamp": "2021-03-12T18:45:19.796Z", "problem": false, "prob_description": null, "flagged_view": null, "create_date": "2021-04-19T15:28:57.676Z", "last_modified": "2021-04-19T16:29:58.110Z"}}, {"model": "EntryApp.image", "pk": 3, "fields": {"image_file": 25, "jbid": "jbid456", "year": null, "image_type": null, "is_complete": false, "timestamp": null, "problem": false, "prob_description": null, "flagged_view": null, "create_date": "2021-04-19T15:28:57.676Z", "last_modified": "2021-04-19T16:29:58.126Z"}}, {"model": "EntryApp.image", "pk": 4, "fields": {"image_file": 25, "jbid": "jbid123", "year": 1970, "image_type": "breaker", "is_complete": true, "timestamp": "2021-03-17T15:47:34.649Z", "problem": false, "prob_description": null, "flagged_view": null, "create_date": "2021-04-19T15:28:57.676Z", "last_modified": "2021-04-19T16:29:58.130Z"}}, {"model": "EntryApp.image", "pk": 5, "fields": {"image_file": 9, "jbid": "jbid456", "year": null, "image_type": null, "is_complete": false, "timestamp": null, "problem": false, "prob_description": null, "flagged_view": null, "create_date": "2021-04-19T15:28:57.676Z", "last_modified": "2021-04-19T16:29:58.147Z"}}, {"model": "EntryApp.image", "pk": 6, "fields": {"image_file": 9, "jbid": "jbid123", "year": 1960, "image_type": "sheet", "is_complete": true, "timestamp": "2021-04-13T18:55:11.151Z", "problem": false, "prob_description": null, "flagged_view": null, "create_date": "2021-04-19T15:28:57.676Z", "last_modified": "2021-04-19T16:29:58.150Z"}}, {"model": "EntryApp.image", "pk": 7, "fields": {"image_file": 4, "jbid": "jbid456", "year": null, "image_type": null, "is_complete": false, "timestamp": null, "problem": false, "prob_description": null, "flagged_view": null, "create_date": "2021-04-19T15:28:57.676Z", "last_modified": "2021-04-19T16:29:58.188Z"}}, {"model": "EntryApp.image", "pk": 8, "fields": {"image_file": 4, "jbid": "jbid123", "year": 1960, "image_type": "sheet", "is_complete": true, "timestamp": "2021-04-13T20:20:39.688Z", "problem": false, "prob_description": null, "flagged_view": null, "create_date": "2021-04-19T15:28:57.676Z", "last_modified": "2021-04-19T16:29:58.191Z"}}, {"model": "EntryApp.image", "pk": 9, "fields": {"image_file": 22, "jbid": "jbid456", "year": null, "image_type": null, "is_complete": false, "timestamp": null, "problem": false, "prob_description": null, "flagged_view": null, "create_date": "2021-04-19T15:28:57.676Z", "last_modified": "2021-04-19T16:29:58.208Z"}}, {"model": "EntryApp.image", "pk": 10, "fields": {"image_file": 22, "jbid": "jbid123", "year": 1980, "image_type": "breaker", "is_complete": true, "timestamp": "2021-04-13T20:27:39.649Z", "problem": false, "prob_description": null, "flagged_view": null, "create_date": "2021-04-19T15:28:57.676Z", "last_modified": "2021-04-19T16:29:58.212Z"}}, {"model": "EntryApp.image", "pk": 11, "fields": {"image_file": 32, "jbid": "jbid456", "year": null, "image_type": null, "is_complete": false, "timestamp": null, "problem": false, "prob_description": null, "flagged_view": null, "create_date": "2021-04-19T15:28:57.676Z", "last_modified": "2021-04-19T16:29:58.229Z"}}, {"model": "EntryApp.image", "pk": 12, "fields": {"image_file": 32, "jbid": "jbid123", "year": null, "image_type": null, "is_complete": false, "timestamp": null, "problem": false, "prob_description": null, "flagged_view": null, "create_date": "2021-04-19T15:28:57.676Z", "last_modified": "2021-04-19T16:29:58.233Z"}}, {"model": "EntryApp.image", "pk": 13, "fields": {"image_file": 28, "jbid": "jbid456", "year": null, "image_type": null, "is_complete": false, "timestamp": null, "problem": false, "prob_description": null, "flagged_view": null, "create_date": "2021-04-19T15:28:57.676Z", "last_modified": "2021-04-19T16:29:58.249Z"}}, {"model": "EntryApp.image", "pk": 14, "fields": {"image_file": 28, "jbid": "jbid123", "year": null, "image_type": null, "is_complete": false, "timestamp": null, "problem": false, "prob_description": null, "flagged_view": null, "create_date": "2021-04-19T15:28:57.676Z", "last_modified": "2021-04-19T16:29:58.253Z"}}, {"model": "EntryApp.image", "pk": 15, "fields": {"image_file": 17, "jbid": "jbid456", "year": null, "image_type": null, "is_complete": false, "timestamp": null, "problem": false, "prob_description": null, "flagged_view": null, "create_date": "2021-04-19T15:28:57.676Z", "last_modified": "2021-04-19T16:29:58.270Z"}}, {"model": "EntryApp.image", "pk": 16, "fields": {"image_file": 17, "jbid": "jbid123", "year": null, "image_type": null, "is_complete": false, "timestamp": null, "problem": false, "prob_description": null, "flagged_view": null, "create_date": "2021-04-19T15:28:57.676Z", "last_modified": "2021-04-19T16:29:58.273Z"}}, {"model": "EntryApp.image", "pk": 17, "fields": {"image_file": 26, "jbid": "jbid456", "year": null, "image_type": null, "is_complete": false, "timestamp": null, "problem": false, "prob_description": null, "flagged_view": null, "create_date": "2021-04-19T15:28:57.676Z", "last_modified": "2021-04-19T16:29:58.291Z"}}, {"model": "EntryApp.image", "pk": 18, "fields": {"image_file": 26, "jbid": "jbid123", "year": null, "image_type": null, "is_complete": false, "timestamp": null, "problem": false, "prob_description": null, "flagged_view": null, "create_date": "2021-04-19T15:28:57.676Z", "last_modified": "2021-04-19T16:29:58.295Z"}}, {"model": "EntryApp.image", "pk": 19, "fields": {"image_file": 43, "jbid": "jbid456", "year": null, "image_type": null, "is_complete": false, "timestamp": null, "problem": false, "prob_description": null, "flagged_view": null, "create_date": "2021-04-19T15:28:57.676Z", "last_modified": "2021-04-19T16:29:58.166Z"}}, {"model": "EntryApp.image", "pk": 20, "fields": {"image_file": 43, "jbid": "jbid123", "year": null, "image_type": null, "is_complete": false, "timestamp": null, "problem": false, "prob_description": null, "flagged_view": null, "create_date": "2021-04-19T15:28:57.676Z", "last_modified": "2021-04-19T16:29:58.170Z"}}, {"model": "EntryApp.image", "pk": 21, "fields": {"image_file": 5, "jbid": "jbid456", "year": 1990, "image_type": "breaker", "is_complete": true, "timestamp": null, "problem": false, "prob_description": null, "flagged_view": null, "create_date": "2021-04-19T15:28:57.676Z", "last_modified": "2021-04-19T16:29:58.097Z"}}, {"model": "EntryApp.image", "pk": 22, "fields": {"image_file": 34, "jbid": "jbid123", "year": 1990, "image_type": "breaker", "is_complete": true, "timestamp": null, "problem": false, "prob_description": null, "flagged_view": null, "create_date": "2021-04-19T15:28:57.676Z", "last_modified": "2021-04-19T16:29:58.088Z"}}, {"model": "EntryApp.image", "pk": 23, "fields": {"image_file": 46, "jbid": "mosca303", "year": null, "image_type": null, "is_complete": false, "timestamp": null, "problem": false, "prob_description": null, "flagged_view": null, "create_date": "2021-04-19T15:28:57.676Z", "last_modified": "2021-04-19T16:29:58.114Z"}}, {"model": "EntryApp.image", "pk": 24, "fields": {"image_file": 46, "jbid": "morga424", "year": null, "image_type": null, "is_complete": false, "timestamp": null, "problem": false, "prob_description": null, "flagged_view": null, "create_date": "2021-04-19T15:28:57.676Z", "last_modified": "2021-04-19T16:29:58.117Z"}}, {"model": "EntryApp.image", "pk": 25, "fields": {"image_file": 25, "jbid": "mosca303", "year": null, "image_type": null, "is_complete": false, "timestamp": null, "problem": false, "prob_description": null, "flagged_view": null, "create_date": "2021-04-19T15:28:57.676Z", "last_modified": "2021-04-19T16:29:58.134Z"}}, {"model": "EntryApp.image", "pk": 26, "fields": {"image_file": 25, "jbid": "morga424", "year": null, "image_type": null, "is_complete": false, "timestamp": null, "problem": false, "prob_description": null, "flagged_view": null, "create_date": "2021-04-19T15:28:57.676Z", "last_modified": "2021-04-19T16:29:58.137Z"}}, {"model": "EntryApp.image", "pk": 27, "fields": {"image_file": 9, "jbid": "mosca303", "year": null, "image_type": null, "is_complete": false, "timestamp": null, "problem": false, "prob_description": null, "flagged_view": null, "create_date": "2021-04-19T15:28:57.676Z", "last_modified": "2021-04-19T16:29:58.154Z"}}, {"model": "EntryApp.image", "pk": 28, "fields": {"image_file": 9, "jbid": "morga424", "year": null, "image_type": null, "is_complete": false, "timestamp": null, "problem": false, "prob_description": null, "flagged_view": null, "create_date": "2021-04-19T15:28:57.676Z", "last_modified": "2021-04-19T16:29:58.157Z"}}, {"model": "EntryApp.image", "pk": 29, "fields": {"image_file": 4, "jbid": "mosca303", "year": null, "image_type": null, "is_complete": false, "timestamp": null, "problem": false, "prob_description": null, "flagged_view": null, "create_date": "2021-04-19T15:28:57.676Z", "last_modified": "2021-04-19T16:29:58.195Z"}}, {"model": "EntryApp.image", "pk": 30, "fields": {"image_file": 4, "jbid": "morga424", "year": null, "image_type": null, "is_complete": false, "timestamp": null, "problem": false, "prob_description": null, "flagged_view": null, "create_date": "2021-04-19T15:28:57.676Z", "last_modified": "2021-04-19T16:29:58.199Z"}}, {"model": "EntryApp.image", "pk": 31, "fields": {"image_file": 22, "jbid": "mosca303", "year": null, "image_type": null, "is_complete": false, "timestamp": null, "problem": false, "prob_description": null, "flagged_view": null, "create_date": "2021-04-19T15:28:57.676Z", "last_modified": "2021-04-19T16:29:58.215Z"}}, {"model": "EntryApp.image", "pk": 32, "fields": {"image_file": 22, "jbid": "morga424", "year": null, "image_type": null, "is_complete": false, "timestamp": null, "problem": false, "prob_description": null, "flagged_view": null, "create_date": "2021-04-19T15:28:57.676Z", "last_modified": "2021-04-19T16:29:58.219Z"}}, {"model": "EntryApp.image", "pk": 33, "fields": {"image_file": 32, "jbid": "mosca303", "year": null, "image_type": null, "is_complete": false, "timestamp": null, "problem": false, "prob_description": null, "flagged_view": null, "create_date": "2021-04-19T15:28:57.676Z", "last_modified": "2021-04-19T16:29:58.236Z"}}, {"model": "EntryApp.image", "pk": 34, "fields": {"image_file": 32, "jbid": "morga424", "year": null, "image_type": null, "is_complete": false, "timestamp": null, "problem": false, "prob_description": null, "flagged_view": null, "create_date": "2021-04-19T15:28:57.676Z", "last_modified": "2021-04-19T16:29:58.240Z"}}, {"model": "EntryApp.image", "pk": 35, "fields": {"image_file": 28, "jbid": "mosca303", "year": null, "image_type": null, "is_complete": false, "timestamp": null, "problem": false, "prob_description": null, "flagged_view": null, "create_date": "2021-04-19T15:28:57.676Z", "last_modified": "2021-04-19T16:29:58.257Z"}}, {"model": "EntryApp.image", "pk": 36, "fields": {"image_file": 28, "jbid": "morga424", "year": null, "image_type": null, "is_complete": false, "timestamp": null, "problem": false, "prob_description": null, "flagged_view": null, "create_date": "2021-04-19T15:28:57.676Z", "last_modified": "2021-04-19T16:29:58.260Z"}}, {"model": "EntryApp.image", "pk": 37, "fields": {"image_file": 17, "jbid": "mosca303", "year": null, "image_type": null, "is_complete": false, "timestamp": null, "problem": false, "prob_description": null, "flagged_view": null, "create_date": "2021-04-19T15:28:57.676Z", "last_modified": "2021-04-19T16:29:58.277Z"}}, {"model": "EntryApp.image", "pk": 38, "fields": {"image_file": 17, "jbid": "morga424", "year": null, "image_type": null, "is_complete": false, "timestamp": null, "problem": false, "prob_description": null, "flagged_view": null, "create_date": "2021-04-19T15:28:57.676Z", "last_modified": "2021-04-19T16:29:58.281Z"}}, {"model": "EntryApp.image", "pk": 39, "fields": {"image_file": 26, "jbid": "mosca303", "year": null, "image_type": null, "is_complete": false, "timestamp": null, "problem": false, "prob_description": null, "flagged_view": null, "create_date": "2021-04-19T15:28:57.676Z", "last_modified": "2021-04-19T16:29:58.299Z"}}, {"model": "EntryApp.image", "pk": 40, "fields": {"image_file": 26, "jbid": "morga424", "year": null, "image_type": null, "is_complete": false, "timestamp": null, "problem": false, "prob_description": null, "flagged_view": null, "create_date": "2021-04-19T15:28:57.676Z", "last_modified": "2021-04-19T16:29:58.304Z"}}, {"model": "EntryApp.image", "pk": 41, "fields": {"image_file": 43, "jbid": "mosca303", "year": null, "image_type": null, "is_complete": false, "timestamp": null, "problem": false, "prob_description": null, "flagged_view": null, "create_date": "2021-04-19T15:28:57.676Z", "last_modified": "2021-04-19T16:29:58.174Z"}}, {"model": "EntryApp.image", "pk": 42, "fields": {"image_file": 43, "jbid": "morga424", "year": null, "image_type": null, "is_complete": false, "timestamp": null, "problem": false, "prob_description": null, "flagged_view": null, "create_date": "2021-04-19T15:28:57.676Z", "last_modified": "2021-04-19T16:29:58.178Z"}}, {"model": "EntryApp.image", "pk": 43, "fields": {"image_file": 24, "jbid": "mosca303", "year": null, "image_type": null, "is_complete": false, "timestamp": null, "problem": false, "prob_description": null, "flagged_view": null, "create_date": "2021-04-19T15:28:57.676Z", "last_modified": "2021-04-19T16:29:58.315Z"}}, {"model": "EntryApp.image", "pk": 44, "fields": {"image_file": 24, "jbid": "morga424", "year": null, "image_type": null, "is_complete": false, "timestamp": null, "problem": false, "prob_description": null, "flagged_view": null, "create_date": "2021-04-19T15:28:57.676Z", "last_modified": "2021-04-19T16:29:58.319Z"}}, {"model": "EntryApp.image", "pk": 45, "fields": {"image_file": 6, "jbid": "mosca303", "year": null, "image_type": null, "is_complete": false, "timestamp": null, "problem": false, "prob_description": null, "flagged_view": null, "create_date": "2021-04-19T15:28:57.676Z", "last_modified": "2021-04-19T16:29:58.329Z"}}, {"model": "EntryApp.image", "pk": 46, "fields": {"image_file": 6, "jbid": "morga424", "year": null, "image_type": null, "is_complete": false, "timestamp": null, "problem": false, "prob_description": null, "flagged_view": null, "create_date": "2021-04-19T15:28:57.676Z", "last_modified": "2021-04-19T16:29:58.333Z"}}, {"model": "EntryApp.image", "pk": 47, "fields": {"image_file": 15, "jbid": "mosca303", "year": null, "image_type": null, "is_complete": false, "timestamp": null, "problem": false, "prob_description": null, "flagged_view": null, "create_date": "2021-04-19T15:28:57.676Z", "last_modified": "2021-04-19T16:29:58.343Z"}}, {"model": "EntryApp.image", "pk": 48, "fields": {"image_file": 15, "jbid": "morga424", "year": null, "image_type": null, "is_complete": false, "timestamp": null, "problem": false, "prob_description": null, "flagged_view": null, "create_date": "2021-04-19T15:28:57.676Z", "last_modified": "2021-04-19T16:29:58.347Z"}}, {"model": "EntryApp.image", "pk": 49, "fields": {"image_file": 2, "jbid": "mosca303", "year": null, "image_type": null, "is_complete": false, "timestamp": null, "problem": false, "prob_description": null, "flagged_view": null, "create_date": "2021-04-19T15:28:57.676Z", "last_modified": "2021-04-19T16:29:58.357Z"}}, {"model": "EntryApp.image", "pk": 50, "fields": {"image_file": 2, "jbid": "morga424", "year": null, "image_type": null, "is_complete": false, "timestamp": null, "problem": false, "prob_description": null, "flagged_view": null, "create_date": "2021-04-19T15:28:57.676Z", "last_modified": "2021-04-19T16:29:58.360Z"}}, {"model": "EntryApp.image", "pk": 51, "fields": {"image_file": 39, "jbid": "mosca303", "year": null, "image_type": null, "is_complete": false, "timestamp": null, "problem": false, "prob_description": null, "flagged_view": null, "create_date": "2021-04-19T15:28:57.676Z", "last_modified": "2021-04-19T16:29:58.370Z"}}, {"model": "EntryApp.image", "pk": 52, "fields": {"image_file": 39, "jbid": "morga424", "year": null, "image_type": null, "is_complete": false, "timestamp": null, "problem": false, "prob_description": null, "flagged_view": null, "create_date": "2021-04-19T15:28:57.676Z", "last_modified": "2021-04-19T16:29:58.374Z"}}, {"model": "EntryApp.image", "pk": 53, "fields": {"image_file": 37, "jbid": "mosca303", "year": null, "image_type": null, "is_complete": false, "timestamp": null, "problem": false, "prob_description": null, "flagged_view": null, "create_date": "2021-04-19T15:28:57.676Z", "last_modified": "2021-04-19T16:29:58.383Z"}}, {"model": "EntryApp.image", "pk": 54, "fields": {"image_file": 37, "jbid": "morga424", "year": null, "image_type": null, "is_complete": false, "timestamp": null, "problem": false, "prob_description": null, "flagged_view": null, "create_date": "2021-04-19T15:28:57.676Z", "last_modified": "2021-04-19T16:29:58.387Z"}}, {"model": "EntryApp.image", "pk": 55, "fields": {"image_file": 13, "jbid": "mosca303", "year": null, "image_type": null, "is_complete": false, "timestamp": null, "problem": false, "prob_description": null, "flagged_view": null, "create_date": "2021-04-19T15:28:57.676Z", "last_modified": "2021-04-19T16:29:58.396Z"}}, {"model": "EntryApp.image", "pk": 56, "fields": {"image_file": 13, "jbid": "morga424", "year": null, "image_type": null, "is_complete": false, "timestamp": null, "problem": false, "prob_description": null, "flagged_view": null, "create_date": "2021-04-19T15:28:57.676Z", "last_modified": "2021-04-19T16:29:58.399Z"}}, {"model": "EntryApp.image", "pk": 57, "fields": {"image_file": 40, "jbid": "mosca303", "year": null, "image_type": null, "is_complete": false, "timestamp": null, "problem": false, "prob_description": null, "flagged_view": null, "create_date": "2021-04-19T15:28:57.676Z", "last_modified": "2021-04-19T16:29:58.409Z"}}, {"model": "EntryApp.image", "pk": 58, "fields": {"image_file": 40, "jbid": "morga424", "year": null, "image_type": null, "is_complete": false, "timestamp": null, "problem": false, "prob_description": null, "flagged_view": null, "create_date": "2021-04-19T15:28:57.676Z", "last_modified": "2021-04-19T16:29:58.412Z"}}, {"model": "EntryApp.image", "pk": 59, "fields": {"image_file": 27, "jbid": "mosca303", "year": null, "image_type": null, "is_complete": false, "timestamp": null, "problem": false, "prob_description": null, "flagged_view": null, "create_date": "2021-04-19T15:28:57.676Z", "last_modified": "2021-04-19T16:29:58.422Z"}}, {"model": "EntryApp.image", "pk": 60, "fields": {"image_file": 27, "jbid": "morga424", "year": null, "image_type": null, "is_complete": false, "timestamp": null, "problem": false, "prob_description": null, "flagged_view": null, "create_date": "2021-04-19T15:28:57.676Z", "last_modified": "2021-04-19T16:29:58.426Z"}}, {"model": "EntryApp.image", "pk": 61, "fields": {"image_file": 20, "jbid": "mosca303", "year": null, "image_type": null, "is_complete": false, "timestamp": null, "problem": false, "prob_description": null, "flagged_view": null, "create_date": "2021-04-19T15:28:57.676Z", "last_modified": "2021-04-19T16:29:58.435Z"}}, {"model": "EntryApp.image", "pk": 62, "fields": {"image_file": 20, "jbid": "morga424", "year": null, "image_type": null, "is_complete": false, "timestamp": null, "problem": false, "prob_description": null, "flagged_view": null, "create_date": "2021-04-19T15:28:57.676Z", "last_modified": "2021-04-19T16:29:58.439Z"}}, {"model": "EntryApp.image", "pk": 63, "fields": {"image_file": 33, "jbid": "mosca303", "year": null, "image_type": null, "is_complete": false, "timestamp": null, "problem": false, "prob_description": null, "flagged_view": null, "create_date": "2021-04-19T15:28:57.676Z", "last_modified": "2021-04-19T16:29:58.448Z"}}, {"model": "EntryApp.image", "pk": 64, "fields": {"image_file": 33, "jbid": "morga424", "year": null, "image_type": null, "is_complete": false, "timestamp": null, "problem": false, "prob_description": null, "flagged_view": null, "create_date": "2021-04-19T15:28:57.676Z", "last_modified": "2021-04-19T16:29:58.452Z"}}, {"model": "EntryApp.image", "pk": 65, "fields": {"image_file": 38, "jbid": "mosca303", "year": null, "image_type": null, "is_complete": false, "timestamp": null, "problem": false, "prob_description": null, "flagged_view": null, "create_date": "2021-04-19T15:28:57.676Z", "last_modified": "2021-04-19T16:29:58.461Z"}}, {"model": "EntryApp.image", "pk": 66, "fields": {"image_file": 38, "jbid": "morga424", "year": null, "image_type": null, "is_complete": false, "timestamp": null, "problem": false, "prob_description": null, "flagged_view": null, "create_date": "2021-04-19T15:28:57.676Z", "last_modified": "2021-04-19T16:29:58.465Z"}}, {"model": "EntryApp.image", "pk": 67, "fields": {"image_file": 35, "jbid": "mosca303", "year": null, "image_type": null, "is_complete": false, "timestamp": null, "problem": false, "prob_description": null, "flagged_view": null, "create_date": "2021-04-19T15:28:57.676Z", "last_modified": "2021-04-19T16:29:58.474Z"}}, {"model": "EntryApp.image", "pk": 68, "fields": {"image_file": 35, "jbid": "morga424", "year": null, "image_type": null, "is_complete": false, "timestamp": null, "problem": false, "prob_description": null, "flagged_view": null, "create_date": "2021-04-19T15:28:57.676Z", "last_modified": "2021-04-19T16:29:58.478Z"}}, {"model": "EntryApp.image", "pk": 69, "fields": {"image_file": 7, "jbid": "mosca303", "year": null, "image_type": null, "is_complete": false, "timestamp": null, "problem": false, "prob_description": null, "flagged_view": null, "create_date": "2021-04-19T15:28:57.676Z", "last_modified": "2021-04-19T16:29:58.487Z"}}, {"model": "EntryApp.image", "pk": 70, "fields": {"image_file": 7, "jbid": "morga424", "year": null, "image_type": null, "is_complete": false, "timestamp": null, "problem": false, "prob_description": null, "flagged_view": null, "create_date": "2021-04-19T15:28:57.676Z", "last_modified": "2021-04-19T16:29:58.491Z"}}, {"model": "EntryApp.image", "pk": 71, "fields": {"image_file": 31, "jbid": "mosca303", "year": null, "image_type": null, "is_complete": false, "timestamp": null, "problem": false, "prob_description": null, "flagged_view": null, "create_date": "2021-04-19T15:28:57.676Z", "last_modified": "2021-04-19T16:29:58.500Z"}}, {"model": "EntryApp.image", "pk": 72, "fields": {"image_file": 31, "jbid": "morga424", "year": null, "image_type": null, "is_complete": false, "timestamp": null, "problem": false, "prob_description": null, "flagged_view": null, "create_date": "2021-04-19T15:28:57.676Z", "last_modified": "2021-04-19T16:29:58.504Z"}}, {"model": "EntryApp.image", "pk": 73, "fields": {"image_file": 19, "jbid": "mosca303", "year": null, "image_type": null, "is_complete": false, "timestamp": null, "problem": false, "prob_description": null, "flagged_view": null, "create_date": "2021-04-19T15:28:57.676Z", "last_modified": "2021-04-19T16:29:58.513Z"}}, {"model": "EntryApp.image", "pk": 74, "fields": {"image_file": 19, "jbid": "morga424", "year": null, "image_type": null, "is_complete": false, "timestamp": null, "problem": false, "prob_description": null, "flagged_view": null, "create_date": "2021-04-19T15:28:57.676Z", "last_modified": "2021-04-19T16:29:58.517Z"}}, {"model": "EntryApp.image", "pk": 75, "fields": {"image_file": 44, "jbid": "mosca303", "year": null, "image_type": null, "is_complete": false, "timestamp": null, "problem": false, "prob_description": null, "flagged_view": null, "create_date": "2021-04-19T15:28:57.676Z", "last_modified": "2021-04-19T16:29:58.526Z"}}, {"model": "EntryApp.image", "pk": 76, "fields": {"image_file": 44, "jbid": "morga424", "year": null, "image_type": null, "is_complete": false, "timestamp": null, "problem": false, "prob_description": null, "flagged_view": null, "create_date": "2021-04-19T15:28:57.676Z", "last_modified": "2021-04-19T16:29:58.530Z"}}, {"model": "EntryApp.image", "pk": 77, "fields": {"image_file": 45, "jbid": "mosca303", "year": null, "image_type": null, "is_complete": false, "timestamp": null, "problem": false, "prob_description": null, "flagged_view": null, "create_date": "2021-04-19T15:28:57.676Z", "last_modified": "2021-04-19T16:29:58.540Z"}}, {"model": "EntryApp.image", "pk": 78, "fields": {"image_file": 45, "jbid": "morga424", "year": null, "image_type": null, "is_complete": false, "timestamp": null, "problem": false, "prob_description": null, "flagged_view": null, "create_date": "2021-04-19T15:28:57.676Z", "last_modified": "2021-04-19T16:29:58.543Z"}}, {"model": "EntryApp.image", "pk": 79, "fields": {"image_file": 14, "jbid": "mosca303", "year": null, "image_type": null, "is_complete": false, "timestamp": null, "problem": false, "prob_description": null, "flagged_view": null, "create_date": "2021-04-19T15:28:57.676Z", "last_modified": "2021-04-19T16:29:58.553Z"}}, {"model": "EntryApp.image", "pk": 80, "fields": {"image_file": 14, "jbid": "morga424", "year": null, "image_type": null, "is_complete": false, "timestamp": null, "problem": false, "prob_description": null, "flagged_view": null, "create_date": "2021-04-19T15:28:57.676Z", "last_modified": "2021-04-19T16:29:58.556Z"}}, {"model": "EntryApp.image", "pk": 81, "fields": {"image_file": 41, "jbid": "mosca303", "year": null, "image_type": null, "is_complete": false, "timestamp": null, "problem": false, "prob_description": null, "flagged_view": null, "create_date": "2021-04-19T15:28:57.676Z", "last_modified": "2021-04-19T16:29:58.566Z"}}, {"model": "EntryApp.image", "pk": 82, "fields": {"image_file": 41, "jbid": "morga424", "year": null, "image_type": null, "is_complete": false, "timestamp": null, "problem": false, "prob_description": null, "flagged_view": null, "create_date": "2021-04-19T15:28:57.676Z", "last_modified": "2021-04-19T16:29:58.569Z"}}, {"model": "EntryApp.image", "pk": 83, "fields": {"image_file": 18, "jbid": "mosca303", "year": null, "image_type": null, "is_complete": false, "timestamp": null, "problem": false, "prob_description": null, "flagged_view": null, "create_date": "2021-04-19T15:28:57.676Z", "last_modified": "2021-04-19T16:29:58.579Z"}}, {"model": "EntryApp.image", "pk": 84, "fields": {"image_file": 18, "jbid": "morga424", "year": null, "image_type": null, "is_complete": false, "timestamp": null, "problem": false, "prob_description": null, "flagged_view": null, "create_date": "2021-04-19T15:28:57.676Z", "last_modified": "2021-04-19T16:29:58.582Z"}}, {"model": "EntryApp.image", "pk": 85, "fields": {"image_file": 10, "jbid": "mosca303", "year": null, "image_type": null, "is_complete": false, "timestamp": null, "problem": false, "prob_description": null, "flagged_view": null, "create_date": "2021-04-19T15:28:57.676Z", "last_modified": "2021-04-19T16:29:58.592Z"}}, {"model": "EntryApp.image", "pk": 86, "fields": {"image_file": 10, "jbid": "morga424", "year": null, "image_type": null, "is_complete": false, "timestamp": null, "problem": false, "prob_description": null, "flagged_view": null, "create_date": "2021-04-19T15:28:57.676Z", "last_modified": "2021-04-19T16:29:58.595Z"}}, {"model": "EntryApp.image", "pk": 87, "fields": {"image_file": 21, "jbid": "mosca303", "year": null, "image_type": null, "is_complete": false, "timestamp": null, "problem": false, "prob_description": null, "flagged_view": null, "create_date": "2021-04-19T15:28:57.676Z", "last_modified": "2021-04-19T16:29:58.605Z"}}, {"model": "EntryApp.image", "pk": 88, "fields": {"image_file": 21, "jbid": "morga424", "year": null, "image_type": null, "is_complete": false, "timestamp": null, "problem": false, "prob_description": null, "flagged_view": null, "create_date": "2021-04-19T15:28:57.676Z", "last_modified": "2021-04-19T16:29:58.609Z"}}, {"model": "EntryApp.image", "pk": 89, "fields": {"image_file": 3, "jbid": "mosca303", "year": null, "image_type": null, "is_complete": false, "timestamp": null, "problem": false, "prob_description": null, "flagged_view": null, "create_date": "2021-04-19T15:28:57.676Z", "last_modified": "2021-04-19T16:29:58.618Z"}}, {"model": "EntryApp.image", "pk": 90, "fields": {"image_file": 3, "jbid": "morga424", "year": null, "image_type": null, "is_complete": false, "timestamp": null, "problem": false, "prob_description": null, "flagged_view": null, "create_date": "2021-04-19T15:28:57.676Z", "last_modified": "2021-04-19T16:29:58.621Z"}}, {"model": "EntryApp.image", "pk": 91, "fields": {"image_file": 29, "jbid": "mosca303", "year": null, "image_type": null, "is_complete": false, "timestamp": null, "problem": false, "prob_description": null, "flagged_view": null, "create_date": "2021-04-19T15:28:57.676Z", "last_modified": "2021-04-19T16:29:58.630Z"}}, {"model": "EntryApp.image", "pk": 92, "fields": {"image_file": 29, "jbid": "morga424", "year": null, "image_type": null, "is_complete": false, "timestamp": null, "problem": false, "prob_description": null, "flagged_view": null, "create_date": "2021-04-19T15:28:57.676Z", "last_modified": "2021-04-19T16:29:58.634Z"}}, {"model": "EntryApp.image", "pk": 93, "fields": {"image_file": 11, "jbid": "mosca303", "year": null, "image_type": null, "is_complete": false, "timestamp": null, "problem": false, "prob_description": null, "flagged_view": null, "create_date": "2021-04-19T15:28:57.676Z", "last_modified": "2021-04-19T16:29:58.644Z"}}, {"model": "EntryApp.image", "pk": 94, "fields": {"image_file": 11, "jbid": "morga424", "year": null, "image_type": null, "is_complete": false, "timestamp": null, "problem": false, "prob_description": null, "flagged_view": null, "create_date": "2021-04-19T15:28:57.676Z", "last_modified": "2021-04-19T16:29:58.647Z"}}, {"model": "EntryApp.image", "pk": 95, "fields": {"image_file": 1, "jbid": "mosca303", "year": null, "image_type": null, "is_complete": false, "timestamp": null, "problem": false, "prob_description": null, "flagged_view": null, "create_date": "2021-04-19T15:28:57.676Z", "last_modified": "2021-04-19T16:29:58.656Z"}}, {"model": "EntryApp.image", "pk": 96, "fields": {"image_file": 1, "jbid": "morga424", "year": null, "image_type": null, "is_complete": false, "timestamp": null, "problem": false, "prob_description": null, "flagged_view": null, "create_date": "2021-04-19T15:28:57.676Z", "last_modified": "2021-04-19T16:29:58.660Z"}}, {"model": "EntryApp.image", "pk": 97, "fields": {"image_file": 12, "jbid": "mosca303", "year": null, "image_type": null, "is_complete": false, "timestamp": null, "problem": false, "prob_description": null, "flagged_view": null, "create_date": "2021-04-19T15:28:57.676Z", "last_modified": "2021-04-19T16:29:58.670Z"}}, {"model": "EntryApp.image", "pk": 98, "fields": {"image_file": 12, "jbid": "morga424", "year": null, "image_type": null, "is_complete": false, "timestamp": null, "problem": false, "prob_description": null, "flagged_view": null, "create_date": "2021-04-19T15:28:57.676Z", "last_modified": "2021-04-19T16:29:58.673Z"}}, {"model": "EntryApp.image", "pk": 99, "fields": {"image_file": 42, "jbid": "mosca303", "year": null, "image_type": null, "is_complete": false, "timestamp": null, "problem": false, "prob_description": null, "flagged_view": null, "create_date": "2021-04-19T15:28:57.676Z", "last_modified": "2021-04-19T16:29:58.683Z"}}, {"model": "EntryApp.image", "pk": 100, "fields": {"image_file": 42, "jbid": "morga424", "year": null, "image_type": null, "is_complete": false, "timestamp": null, "problem": false, "prob_description": null, "flagged_view": null, "create_date": "2021-04-19T15:28:57.676Z", "last_modified": "2021-04-19T16:29:58.686Z"}}, {"model": "EntryApp.image", "pk": 101, "fields": {"image_file": 36, "jbid": "mosca303", "year": null, "image_type": null, "is_complete": false, "timestamp": null, "problem": false, "prob_description": null, "flagged_view": null, "create_date": "2021-04-19T15:28:57.676Z", "last_modified": "2021-04-19T16:29:58.696Z"}}, {"model": "EntryApp.image", "pk": 102, "fields": {"image_file": 36, "jbid": "morga424", "year": null, "image_type": null, "is_complete": false, "timestamp": null, "problem": false, "prob_description": null, "flagged_view": null, "create_date": "2021-04-19T15:28:57.676Z", "last_modified": "2021-04-19T16:29:58.699Z"}}, {"model": "EntryApp.image", "pk": 103, "fields": {"image_file": 23, "jbid": "mosca303", "year": null, "image_type": null, "is_complete": false, "timestamp": null, "problem": false, "prob_description": null, "flagged_view": null, "create_date": "2021-04-19T15:28:57.676Z", "last_modified": "2021-04-19T16:29:58.708Z"}}, {"model": "EntryApp.image", "pk": 104, "fields": {"image_file": 23, "jbid": "morga424", "year": null, "image_type": null, "is_complete": false, "timestamp": null, "problem": false, "prob_description": null, "flagged_view": null, "create_date": "2021-04-19T15:28:57.676Z", "last_modified": "2021-04-19T16:29:58.712Z"}}, {"model": "EntryApp.image", "pk": 105, "fields": {"image_file": 8, "jbid": "mosca303", "year": null, "image_type": null, "is_complete": false, "timestamp": null, "problem": false, "prob_description": null, "flagged_view": null, "create_date": "2021-04-19T15:28:57.676Z", "last_modified": "2021-04-19T16:29:58.721Z"}}, {"model": "EntryApp.image", "pk": 106, "fields": {"image_file": 8, "jbid": "morga424", "year": null, "image_type": null, "is_complete": false, "timestamp": null, "problem": false, "prob_description": null, "flagged_view": null, "create_date": "2021-04-19T15:28:57.676Z", "last_modified": "2021-04-19T16:29:58.725Z"}}, {"model": "EntryApp.image", "pk": 107, "fields": {"image_file": 30, "jbid": "mosca303", "year": null, "image_type": null, "is_complete": false, "timestamp": null, "problem": false, "prob_description": null, "flagged_view": null, "create_date": "2021-04-19T15:28:57.676Z", "last_modified": "2021-04-19T16:29:58.734Z"}}, {"model": "EntryApp.image", "pk": 108, "fields": {"image_file": 30, "jbid": "morga424", "year": null, "image_type": null, "is_complete": false, "timestamp": null, "problem": false, "prob_description": null, "flagged_view": null, "create_date": "2021-04-19T15:28:57.676Z", "last_modified": "2021-04-19T16:29:58.738Z"}}, {"model": "EntryApp.image", "pk": 109, "fields": {"image_file": 16, "jbid": "mosca303", "year": null, "image_type": null, "is_complete": false, "timestamp": null, "problem": false, "prob_description": null, "flagged_view": null, "create_date": "2021-04-19T15:28:57.676Z", "last_modified": "2021-04-19T16:29:58.747Z"}}, {"model": "EntryApp.image", "pk": 110, "fields": {"image_file": 16, "jbid": "morga424", "year": null, "image_type": null, "is_complete": false, "timestamp": null, "problem": false, "prob_description": null, "flagged_view": null, "create_date": "2021-04-19T15:28:57.676Z", "last_modified": "2021-04-19T16:29:58.751Z"}}, {"model": "EntryApp.breaker", "pk": 1, "fields": {"img": 21, "jbid": "jbid456", "timestamp": null, "problem": false, "year": 1990, "state": null, "county": null, "enumeration_district": null, "mcd": null, "tract": null, "place": null, "smsa": null, "create_date": "2021-04-19T15:28:57.658Z", "last_modified": "2021-04-19T15:28:57.667Z"}}, {"model": "EntryApp.breaker", "pk": 2, "fields": {"img": 22, "jbid": "jbid123", "timestamp": null, "problem": false, "year": 1990, "state": null, "county": null, "enumeration_district": null, "mcd": null, "tract": null, "place": null, "smsa": null, "create_date": "2021-04-19T15:28:57.658Z", "last_modified": "2021-04-19T15:28:57.667Z"}}, {"model": "EntryApp.breaker", "pk": 4, "fields": {"img": 2, "jbid": "jbid123", "timestamp": "2021-03-12T18:45:33.089Z", "problem": false, "year": 1960, "state": "IL", "county": null, "enumeration_district": "1", "mcd": null, "tract": null, "place": null, "smsa": null, "create_date": "2021-04-19T15:28:57.658Z", "last_modified": "2021-04-19T15:28:57.667Z"}}, {"model": "EntryApp.breaker", "pk": 5, "fields": {"img": 10, "jbid": "jbid123", "timestamp": "2021-04-13T20:27:54.609Z", "problem": false, "year": 1980, "state": "DC", "county": "DC", "enumeration_district": "1", "mcd": "1", "tract": "1", "place": "DC", "smsa": "DC", "create_date": "2021-04-19T15:28:57.658Z", "last_modified": "2021-04-19T15:28:57.667Z"}}, {"model": "EntryApp.sheet", "pk": 1, "fields": {"img": 6, "breaker": 4, "jbid": "jbid123", "timestamp": "2021-04-13T18:55:14.680Z", "year": 1960, "problem": false, "form_type": "long", "num_records": 1, "create_date": "2021-04-19T15:28:57.742Z", "last_modified": "2021-04-19T15:28:57.755Z"}}, {"model": "EntryApp.sheet", "pk": 2, "fields": {"img": 8, "breaker": 4, "jbid": "jbid123", "timestamp": "2021-04-13T20:20:44.029Z", "year": 1960, "problem": false, "form_type": "long", "num_records": 1, "create_date": "2021-04-19T15:28:57.742Z", "last_modified": "2021-04-19T15:28:57.755Z"}}, {"model": "EntryApp.record", "pk": 1, "fields": {"sheet": 1, "page_num": null, "row_num": null, "col_num": null, "jbid": "jbid123", "first_name": "firstname", "middle_init": "m", "last_name": "lastname", "age": null, "sex": "male", "page_no": 1, "line_no": 1, "serial_no": null, "do_id": null, "block": null, "sample_key_gq": "A", "street_name": "streetname", "house_no": 1, "apt_no": 1, "relp_1960": "hh_head", "relp_1970": "('hh_head', 'Head of household')", "relp_1980": "('spouse', 'Husband/wife')", "relp_1990": "('spouse', 'Husband/wife')", "race_1960": "White", "race_1970": "('White', 'White')", "race_1980": "('White', 'White')", "race_1990": "('White', 'White')", "exact_birth_year": null, "exact_birth_month": null, "birth_year": "1", "birth_quarter": "Jan-Mar", "birth_decade": "1850", "marital_status": "Married", "ind": null, "occp": null, "total_persons": null, "age_hundreds": "('1', '1')", "age_tens": "('1', '1')", "age_ones": "('1', '1')", "birth_year_thousands": "('1', '1')", "birth_year_hundreds": "('1', '1')", "birth_year_tens": "('1', '1')", "birth_year_ones": "('1', '1')", "block_1": "('1', '1')", "block_2": "('1', '1')", "block_3": "('1', '1')", "serial_no_1": "('1', '1')", "serial_no_2": "('1', '1')", "serial_no_3": "('1', '1')", "serial_no_4": "('1', '1')", "serial_no_5": "('1', '1')", "serial_no_6": "('1', '1')", "serial_no_7": "('1', '1')", "serial_no_8": "('1', '1')", "serial_no_9": "('1', '1')", "serial_no_10": "('1', '1')", "serial_no_11": "('1', '1')", "total_persons_hundreds": "('1', '1')", "total_persons_tens": "('1', '1')", "total_persons_ones": "('1', '1')", "timestamp": "2021-04-13T19:03:05.622Z", "create_date": "2021-04-19T15:28:57.714Z", "last_modified": "2021-04-19T15:28:57.727Z"}}, {"model": "EntryApp.record", "pk": 2, "fields": {"sheet": 2, "page_num": null, "row_num": null, "col_num": null, "jbid": "jbid123", "first_name": "firstname", "middle_init": "m", "last_name": "lastname", "age": null, "sex": "male", "page_no": 1, "line_no": 1, "serial_no": null, "do_id": null, "block": null, "sample_key_gq": "A", "street_name": "streetname", "house_no": 1, "apt_no": 1, "relp_1960": "hh_head", "relp_1970": "('hh_head', 'Head of household')", "relp_1980": "('spouse', 'Husband/wife')", "relp_1990": "('spouse', 'Husband/wife')", "race_1960": "White", "race_1970": "('White', 'White')", "race_1980": "('White', 'White')", "race_1990": "('White', 'White')", "exact_birth_year": null, "exact_birth_month": null, "birth_year": "1", "birth_quarter": "Jan-Mar", "birth_decade": "1850", "marital_status": "Married", "ind": null, "occp": null, "total_persons": null, "age_hundreds": "('1', '1')", "age_tens": "('1', '1')", "age_ones": "('1', '1')", "birth_year_thousands": "('1', '1')", "birth_year_hundreds": "('1', '1')", "birth_year_tens": "('1', '1')", "birth_year_ones": "('1', '1')", "block_1": "('1', '1')", "block_2": "('1', '1')", "block_3": "('1', '1')", "serial_no_1": "('1', '1')", "serial_no_2": "('1', '1')", "serial_no_3": "('1', '1')", "serial_no_4": "('1', '1')", "serial_no_5": "('1', '1')", "serial_no_6": "('1', '1')", "serial_no_7": "('1', '1')", "serial_no_8": "('1', '1')", "serial_no_9": "('1', '1')", "serial_no_10": "('1', '1')", "serial_no_11": "('1', '1')", "total_persons_hundreds": "('1', '1')", "total_persons_tens": "('1', '1')", "total_persons_ones": "('1', '1')", "timestamp": "2021-04-13T20:21:11.701Z", "create_date": "2021-04-19T15:28:57.714Z", "last_modified": "2021-04-19T15:28:57.727Z"}}, {"model": "EntryApp.currententry", "pk": 1, "fields": {"img": 12, "jbid": "jbid123", "breaker": 5, "sheet": 2}}, {"model": "EntryApp.currententry", "pk": 2, "fields": {"img": 24, "jbid": "morga424", "breaker": null, "sheet": null}}, {"model": "EntryApp.formfield", "pk": 1, "fields": {"year": 1960.0, "form_type": "long", "field_name": "first_name"}}, {"model": "EntryApp.formfield", "pk": 2, "fields": {"year": 1960.0, "form_type": "long", "field_name": "middle_init"}}, {"model": "EntryApp.formfield", "pk": 3, "fields": {"year": 1960.0, "form_type": "long", "field_name": "last_name"}}, {"model": "EntryApp.formfield", "pk": 4, "fields": {"year": 1960.0, "form_type": "long", "field_name": "page_no"}}, {"model": "EntryApp.formfield", "pk": 5, "fields": {"year": 1960.0, "form_type": "long", "field_name": "line_no"}}, {"model": "EntryApp.formfield", "pk": 6, "fields": {"year": 1960.0, "form_type": "long", "field_name": "sample_key_gq"}}, {"model": "EntryApp.formfield", "pk": 7, "fields": {"year": 1960.0, "form_type": "long", "field_name": "relp_1960"}}, {"model": "EntryApp.formfield", "pk": 8, "fields": {"year": 1960.0, "form_type": "long", "field_name": "sex"}}, {"model": "EntryApp.formfield", "pk": 9, "fields": {"year": 1960.0, "form_type": "long", "field_name": "race_1960"}}, {"model": "EntryApp.formfield", "pk": 10, "fields": {"year": 1960.0, "form_type": "long", "field_name": "birth_quarter"}}, {"model": "EntryApp.formfield", "pk": 11, "fields": {"year": 1960.0, "form_type": "long", "field_name": "birth_decade"}}, {"model": "EntryApp.formfield", "pk": 12, "fields": {"year": 1960.0, "form_type": "long", "field_name": "birth_year"}}, {"model": "EntryApp.formfield", "pk": 13, "fields": {"year": 1960.0, "form_type": "long", "field_name": "marital_status"}}, {"model": "EntryApp.formfield", "pk": 14, "fields": {"year": 1960.0, "form_type": "long", "field_name": "street_name"}}, {"model": "EntryApp.formfield", "pk": 15, "fields": {"year": 1960.0, "form_type": "long", "field_name": "house_no"}}, {"model": "EntryApp.formfield", "pk": 16, "fields": {"year": 1960.0, "form_type": "long", "field_name": "apt_no"}}, {"model": "EntryApp.formfield", "pk": 17, "fields": {"year": 1960.0, "form_type": "short", "field_name": "first_name"}}, {"model": "EntryApp.formfield", "pk": 18, "fields": {"year": 1960.0, "form_type": "short", "field_name": "middle_init"}}, {"model": "EntryApp.formfield", "pk": 19, "fields": {"year": 1960.0, "form_type": "short", "field_name": "last_name"}}, {"model": "EntryApp.formfield", "pk": 20, "fields": {"year": 1960.0, "form_type": "short", "field_name": "page_no"}}, {"model": "EntryApp.formfield", "pk": 21, "fields": {"year": 1960.0, "form_type": "short", "field_name": "line_no"}}, {"model": "EntryApp.formfield", "pk": 22, "fields": {"year": 1960.0, "form_type": "short", "field_name": "sample_key_gq"}}, {"model": "EntryApp.formfield", "pk": 23, "fields": {"year": 1960.0, "form_type": "short", "field_name": "relp_1960"}}, {"model": "EntryApp.formfield", "pk": 24, "fields": {"year": 1960.0, "form_type": "short", "field_name": "sex"}}, {"model": "EntryApp.formfield", "pk": 25, "fields": {"year": 1960.0, "form_type": "short", "field_name": "race_1960"}}, {"model": "EntryApp.formfield", "pk": 26, "fields": {"year": 1960.0, "form_type": "short", "field_name": "birth_quarter"}}, {"model": "EntryApp.formfield", "pk": 27, "fields": {"year": 1960.0, "form_type": "short", "field_name": "birth_decade"}}, {"model": "EntryApp.formfield", "pk": 28, "fields": {"year": 1960.0, "form_type": "short", "field_name": "birth_year"}}, {"model": "EntryApp.formfield", "pk": 29, "fields": {"year": 1960.0, "form_type": "short", "field_name": "marital_status"}}, {"model": "EntryApp.formfield", "pk": 30, "fields": {"year": 1960.0, "form_type": "short", "field_name": "street_name"}}, {"model": "EntryApp.formfield", "pk": 31, "fields": {"year": 1960.0, "form_type": "short", "field_name": "house_no"}}, {"model": "EntryApp.formfield", "pk": 32, "fields": {"year": 1960.0, "form_type": "short", "field_name": "apt_no"}}, {"model": "EntryApp.formfield", "pk": 33, "fields": {"year": 1960.0, "form_type": "breaker", "field_name": "state"}}, {"model": "EntryApp.formfield", "pk": 34, "fields": {"year": 1960.0, "form_type": "breaker", "field_name": "enumeration_district"}}, {"model": "EntryApp.formfield", "pk": 35, "fields": {"year": 1970.0, "form_type": "short", "field_name": "first_name"}}, {"model": "EntryApp.formfield", "pk": 36, "fields": {"year": 1970.0, "form_type": "short", "field_name": "middle_init"}}, {"model": "EntryApp.formfield", "pk": 37, "fields": {"year": 1970.0, "form_type": "short", "field_name": "last_name"}}, {"model": "EntryApp.formfield", "pk": 38, "fields": {"year": 1970.0, "form_type": "short", "field_name": "relp_1970"}}, {"model": "EntryApp.formfield", "pk": 39, "fields": {"year": 1970.0, "form_type": "short", "field_name": "sex"}}, {"model": "EntryApp.formfield", "pk": 40, "fields": {"year": 1970.0, "form_type": "short", "field_name": "race_1970"}}, {"model": "EntryApp.formfield", "pk": 41, "fields": {"year": 1970.0, "form_type": "short", "field_name": "exact_birth_month"}}, {"model": "EntryApp.formfield", "pk": 42, "fields": {"year": 1970.0, "form_type": "short", "field_name": "exact_birth_year"}}, {"model": "EntryApp.formfield", "pk": 43, "fields": {"year": 1970.0, "form_type": "short", "field_name": "age"}}, {"model": "EntryApp.formfield", "pk": 44, "fields": {"year": 1970.0, "form_type": "long", "field_name": "first_name"}}, {"model": "EntryApp.formfield", "pk": 45, "fields": {"year": 1970.0, "form_type": "long", "field_name": "middle_init"}}, {"model": "EntryApp.formfield", "pk": 46, "fields": {"year": 1970.0, "form_type": "long", "field_name": "last_name"}}, {"model": "EntryApp.formfield", "pk": 47, "fields": {"year": 1970.0, "form_type": "long", "field_name": "relp_1970"}}, {"model": "EntryApp.formfield", "pk": 48, "fields": {"year": 1970.0, "form_type": "long", "field_name": "sex"}}, {"model": "EntryApp.formfield", "pk": 49, "fields": {"year": 1970.0, "form_type": "long", "field_name": "race_1970"}}, {"model": "EntryApp.formfield", "pk": 50, "fields": {"year": 1970.0, "form_type": "long", "field_name": "exact_birth_month"}}, {"model": "EntryApp.formfield", "pk": 51, "fields": {"year": 1970.0, "form_type": "long", "field_name": "exact_birth_year"}}, {"model": "EntryApp.formfield", "pk": 52, "fields": {"year": 1970.0, "form_type": "long", "field_name": "birth_decade"}}, {"model": "EntryApp.formfield", "pk": 53, "fields": {"year": 1970.0, "form_type": "long", "field_name": "birth_year"}}, {"model": "EntryApp.formfield", "pk": 54, "fields": {"year": 1970.0, "form_type": "long", "field_name": "age"}}, {"model": "EntryApp.formfield", "pk": 55, "fields": {"year": 1970.0, "form_type": "long", "field_name": "birth_quarter"}}, {"model": "EntryApp.formfield", "pk": 56, "fields": {"year": 1970.0, "form_type": "long", "field_name": "serial_no"}}, {"model": "EntryApp.formfield", "pk": 57, "fields": {"year": 1970.0, "form_type": "long", "field_name": "block"}}, {"model": "EntryApp.formfield", "pk": 58, "fields": {"year": 1970.0, "form_type": "breaker", "field_name": "state"}}, {"model": "EntryApp.formfield", "pk": 59, "fields": {"year": 1970.0, "form_type": "breaker", "field_name": "county"}}, {"model": "EntryApp.formfield", "pk": 60, "fields": {"year": 1970.0, "form_type": "breaker", "field_name": "enumeration_district"}}, {"model": "EntryApp.formfield", "pk": 61, "fields": {"year": 1980.0, "form_type": "short", "field_name": "first_name"}}, {"model": "EntryApp.formfield", "pk": 62, "fields": {"year": 1980.0, "form_type": "short", "field_name": "middle_init"}}, {"model": "EntryApp.formfield", "pk": 63, "fields": {"year": 1980.0, "form_type": "short", "field_name": "last_name"}}, {"model": "EntryApp.formfield", "pk": 64, "fields": {"year": 1980.0, "form_type": "short", "field_name": "age"}}, {"model": "EntryApp.formfield", "pk": 65, "fields": {"year": 1980.0, "form_type": "short", "field_name": "birth_year"}}, {"model": "EntryApp.formfield", "pk": 66, "fields": {"year": 1980.0, "form_type": "short", "field_name": "birth_quarter"}}, {"model": "EntryApp.formfield", "pk": 67, "fields": {"year": 1980.0, "form_type": "short", "field_name": "sex"}}, {"model": "EntryApp.formfield", "pk": 68, "fields": {"year": 1980.0, "form_type": "long", "field_name": "first_name"}}, {"model": "EntryApp.formfield", "pk": 69, "fields": {"year": 1980.0, "form_type": "long", "field_name": "middle_init"}}, {"model": "EntryApp.formfield", "pk": 70, "fields": {"year": 1980.0, "form_type": "long", "field_name": "last_name"}}, {"model": "EntryApp.formfield", "pk": 71, "fields": {"year": 1980.0, "form_type": "long", "field_name": "age"}}, {"model": "EntryApp.formfield", "pk": 72, "fields": {"year": 1980.0, "form_type": "long", "field_name": "exact_birth_year"}}, {"model": "EntryApp.formfield", "pk": 73, "fields": {"year": 1980.0, "form_type": "long", "field_name": "exact_birth_month"}}, {"model": "EntryApp.formfield", "pk": 74, "fields": {"year": 1980.0, "form_type": "long", "field_name": "birth_quarter"}}, {"model": "EntryApp.formfield", "pk": 75, "fields": {"year": 1980.0, "form_type": "long", "field_name": "birth_year_thousands"}}, {"model": "EntryApp.formfield", "pk": 76, "fields": {"year": 1980.0, "form_type": "long", "field_name": "birth_year_hundreds"}}, {"model": "EntryApp.formfield", "pk": 77, "fields": {"year": 1980.0, "form_type": "long", "field_name": "birth_year_tens"}}, {"model": "EntryApp.formfield", "pk": 78, "fields": {"year": 1980.0, "form_type": "long", "field_name": "birth_year_ones"}}, {"model": "EntryApp.formfield", "pk": 79, "fields": {"year": 1980.0, "form_type": "long", "field_name": "sex"}}, {"model": "EntryApp.formfield", "pk": 80, "fields": {"year": 1980.0, "form_type": "long", "field_name": "race_1980"}}, {"model": "EntryApp.formfield", "pk": 81, "fields": {"year": 1980.0, "form_type": "long", "field_name": "serial_no"}}, {"model": "EntryApp.formfield", "pk": 82, "fields": {"year": 1980.0, "form_type": "long", "field_name": "serial_no_1"}}, {"model": "EntryApp.formfield", "pk": 83, "fields": {"year": 1980.0, "form_type": "long", "field_name": "serial_no_2"}}, {"model": "EntryApp.formfield", "pk": 84, "fields": {"year": 1980.0, "form_type": "long", "field_name": "serial_no_3"}}, {"model": "EntryApp.formfield", "pk": 85, "fields": {"year": 1980.0, "form_type": "long", "field_name": "serial_no_4"}}, {"model": "EntryApp.formfield", "pk": 86, "fields": {"year": 1980.0, "form_type": "long", "field_name": "block"}}, {"model": "EntryApp.formfield", "pk": 87, "fields": {"year": 1980.0, "form_type": "long", "field_name": "block_1"}}, {"model": "EntryApp.formfield", "pk": 88, "fields": {"year": 1980.0, "form_type": "long", "field_name": "block_2"}}, {"model": "EntryApp.formfield", "pk": 89, "fields": {"year": 1980.0, "form_type": "long", "field_name": "block_3"}}, {"model": "EntryApp.formfield", "pk": 90, "fields": {"year": 1980.0, "form_type": "long", "field_name": "col_num"}}, {"model": "EntryApp.formfield", "pk": 91, "fields": {"year": 1980.0, "form_type": "long", "field_name": "total_persons"}}, {"model": "EntryApp.formfield", "pk": 92, "fields": {"year": 1980.0, "form_type": "long", "field_name": "total_persons_hundreds"}}, {"model": "EntryApp.formfield", "pk": 93, "fields": {"year": 1980.0, "form_type": "long", "field_name": "total_persons_tens"}}, {"model": "EntryApp.formfield", "pk": 94, "fields": {"year": 1980.0, "form_type": "long", "field_name": "total_persons_ones"}}, {"model": "EntryApp.formfield", "pk": 95, "fields": {"year": 1980.0, "form_type": "breaker", "field_name": "state"}}, {"model": "EntryApp.formfield", "pk": 96, "fields": {"year": 1980.0, "form_type": "breaker", "field_name": "county"}}, {"model": "EntryApp.formfield", "pk": 97, "fields": {"year": 1980.0, "form_type": "breaker", "field_name": "mcd"}}, {"model": "EntryApp.formfield", "pk": 98, "fields": {"year": 1980.0, "form_type": "breaker", "field_name": "tract"}}, {"model": "EntryApp.formfield", "pk": 99, "fields": {"year": 1980.0, "form_type": "breaker", "field_name": "place"}}, {"model": "EntryApp.formfield", "pk": 100, "fields": {"year": 1980.0, "form_type": "breaker", "field_name": "smsa"}}, {"model": "EntryApp.formfield", "pk": 101, "fields": {"year": 1980.0, "form_type": "breaker", "field_name": "enumeration_district"}}, {"model": "EntryApp.formfield", "pk": 102, "fields": {"year": 1990.0, "form_type": "long", "field_name": "first_name"}}, {"model": "EntryApp.formfield", "pk": 103, "fields": {"year": 1990.0, "form_type": "long", "field_name": "middle_init"}}, {"model": "EntryApp.formfield", "pk": 104, "fields": {"year": 1990.0, "form_type": "long", "field_name": "last_name"}}, {"model": "EntryApp.formfield", "pk": 105, "fields": {"year": 1990.0, "form_type": "long", "field_name": "serial_no"}}, {"model": "EntryApp.formfield", "pk": 106, "fields": {"year": 1990.0, "form_type": "long", "field_name": "age"}}, {"model": "EntryApp.formfield", "pk": 107, "fields": {"year": 1990.0, "form_type": "long", "field_name": "exact_birth_year"}}, {"model": "EntryApp.formfield", "pk": 108, "fields": {"year": 1990.0, "form_type": "long", "field_name": "sex"}}, {"model": "EntryApp.formfield", "pk": 109, "fields": {"year": 1990.0, "form_type": "long", "field_name": "total_persons"}}, {"model": "EntryApp.formfield", "pk": 110, "fields": {"year": 1990.0, "form_type": "long", "field_name": "total_persons_tens"}}, {"model": "EntryApp.formfield", "pk": 111, "fields": {"year": 1990.0, "form_type": "long", "field_name": "total_persons_ones"}}, {"model": "EntryApp.formfield", "pk": 112, "fields": {"year": 1990.0, "form_type": "long", "field_name": "col_num"}}, {"model": "EntryApp.formfield", "pk": 113, "fields": {"year": 1990.0, "form_type": "long", "field_name": "race_1990"}}, {"model": "EntryApp.formfield", "pk": 114, "fields": {"year": 1990.0, "form_type": "long", "field_name": "age_hundreds"}}, {"model": "EntryApp.formfield", "pk": 115, "fields": {"year": 1990.0, "form_type": "long", "field_name": "age_tens"}}, {"model": "EntryApp.formfield", "pk": 116, "fields": {"year": 1990.0, "form_type": "long", "field_name": "age_ones"}}, {"model": "EntryApp.formfield", "pk": 117, "fields": {"year": 1990.0, "form_type": "long", "field_name": "birth_year_thousands"}}, {"model": "EntryApp.formfield", "pk": 118, "fields": {"year": 1990.0, "form_type": "long", "field_name": "birth_year_hundreds"}}, {"model": "EntryApp.formfield", "pk": 119, "fields": {"year": 1990.0, "form_type": "long", "field_name": "birth_year_tens"}}, {"model": "EntryApp.formfield", "pk": 120, "fields": {"year": 1990.0, "form_type": "long", "field_name": "birth_year_ones"}}, {"model": "EntryApp.formfield", "pk": 121, "fields": {"year": 1990.0, "form_type": "long", "field_name": "serial_no_1"}}, {"model": "EntryApp.formfield", "pk": 122, "fields": {"year": 1990.0, "form_type": "long", "field_name": "serial_no_2"}}, {"model": "EntryApp.formfield", "pk": 123, "fields": {"year": 1990.0, "form_type": "long", "field_name": "serial_no_3"}}, {"model": "EntryApp.formfield", "pk": 124, "fields": {"year": 1990.0, "form_type": "long", "field_name": "serial_no_4"}}, {"model": "EntryApp.formfield", "pk": 125, "fields": {"year": 1990.0, "form_type": "long", "field_name": "serial_no_5"}}, {"model": "EntryApp.formfield", "pk": 126, "fields": {"year": 1990.0, "form_type": "long", "field_name": "serial_no_6"}}, {"model": "EntryApp.formfield", "pk": 127, "fields": {"year": 1990.0, "form_type": "long", "field_name": "serial_no_7"}}, {"model": "EntryApp.formfield", "pk": 128, "fields": {"year": 1990.0, "form_type": "long", "field_name": "serial_no_8"}}, {"model": "EntryApp.formfield", "pk": 129, "fields": {"year": 1990.0, "form_type": "long", "field_name": "serial_no_9"}}, {"model": "EntryApp.formfield", "pk": 130, "fields": {"year": 1990.0, "form_type": "long", "field_name": "serial_no_10"}}, {"model": "EntryApp.formfield", "pk": 131, "fields": {"year": 1990.0, "form_type": "long", "field_name": "serial_no_11"}}, {"model": "EntryApp.formfield", "pk": 132, "fields": {"year": 1990.0, "form_type": "short", "field_name": "first_name"}}, {"model": "EntryApp.formfield", "pk": 133, "fields": {"year": 1990.0, "form_type": "short", "field_name": "middle_init"}}, {"model": "EntryApp.formfield", "pk": 134, "fields": {"year": 1990.0, "form_type": "short", "field_name": "last_name"}}, {"model": "EntryApp.formfield", "pk": 135, "fields": {"year": 1990.0, "form_type": "short", "field_name": "serial_no"}}, {"model": "EntryApp.formfield", "pk": 136, "fields": {"year": 1990.0, "form_type": "short", "field_name": "age"}}, {"model": "EntryApp.formfield", "pk": 137, "fields": {"year": 1990.0, "form_type": "short", "field_name": "exact_birth_year"}}, {"model": "EntryApp.formfield", "pk": 138, "fields": {"year": 1990.0, "form_type": "short", "field_name": "sex"}}, {"model": "EntryApp.formfield", "pk": 139, "fields": {"year": 1990.0, "form_type": "short", "field_name": "total_persons"}}, {"model": "EntryApp.formfield", "pk": 140, "fields": {"year": 1990.0, "form_type": "short", "field_name": "total_persons_tens"}}, {"model": "EntryApp.formfield", "pk": 141, "fields": {"year": 1990.0, "form_type": "short", "field_name": "total_persons_ones"}}, {"model": "EntryApp.formfield", "pk": 142, "fields": {"year": 1990.0, "form_type": "short", "field_name": "ind"}}, {"model": "EntryApp.formfield", "pk": 143, "fields": {"year": 1990.0, "form_type": "short", "field_name": "occp"}}, {"model": "EntryApp.formfield", "pk": 144, "fields": {"year": 1990.0, "form_type": "short", "field_name": "col_num"}}, {"model": "EntryApp.formfield", "pk": 145, "fields": {"year": 1990.0, "form_type": "short", "field_name": "race_1990"}}, {"model": "EntryApp.formfield", "pk": 146, "fields": {"year": 1990.0, "form_type": "short", "field_name": "age_hundreds"}}, {"model": "EntryApp.formfield", "pk": 147, "fields": {"year": 1990.0, "form_type": "short", "field_name": "age_tens"}}, {"model": "EntryApp.formfield", "pk": 148, "fields": {"year": 1990.0, "form_type": "short", "field_name": "age_ones"}}, {"model": "EntryApp.formfield", "pk": 149, "fields": {"year": 1990.0, "form_type": "short", "field_name": "birth_year_thousands"}}, {"model": "EntryApp.formfield", "pk": 150, "fields": {"year": 1990.0, "form_type": "short", "field_name": "birth_year_hundreds"}}, {"model": "EntryApp.formfield", "pk": 151, "fields": {"year": 1990.0, "form_type": "short", "field_name": "birth_year_tens"}}, {"model": "EntryApp.formfield", "pk": 152, "fields": {"year": 1990.0, "form_type": "short", "field_name": "birth_year_ones"}}, {"model": "EntryApp.formfield", "pk": 153, "fields": {"year": 1990.0, "form_type": "short", "field_name": "serial_no_1"}}, {"model": "EntryApp.formfield", "pk": 154, "fields": {"year": 1990.0, "form_type": "short", "field_name": "serial_no_2"}}, {"model": "EntryApp.formfield", "pk": 155, "fields": {"year": 1990.0, "form_type": "short", "field_name": "serial_no_3"}}, {"model": "EntryApp.formfield", "pk": 156, "fields": {"year": 1990.0, "form_type": "short", "field_name": "serial_no_4"}}, {"model": "EntryApp.formfield", "pk": 157, "fields": {"year": 1990.0, "form_type": "short", "field_name": "serial_no_5"}}, {"model": "EntryApp.formfield", "pk": 158, "fields": {"year": 1990.0, "form_type": "short", "field_name": "serial_no_6"}}, {"model": "EntryApp.formfield", "pk": 159, "fields": {"year": 1990.0, "form_type": "short", "field_name": "serial_no_7"}}, {"model": "EntryApp.formfield", "pk": 160, "fields": {"year": 1990.0, "form_type": "short", "field_name": "serial_no_8"}}, {"model": "EntryApp.formfield", "pk": 161, "fields": {"year": 1990.0, "form_type": "short", "field_name": "serial_no_9"}}, {"model": "EntryApp.formfield", "pk": 162, "fields": {"year": 1990.0, "form_type": "short", "field_name": "serial_no_10"}}, {"model": "EntryApp.formfield", "pk": 163, "fields": {"year": 1990.0, "form_type": "short", "field_name": "serial_no_11"}}, {"model": "EntryApp.formfield", "pk": 164, "fields": {"year": 1990.0, "form_type": "short", "field_name": "do_id"}}, {"model": "EntryApp.formfield", "pk": 165, "fields": {"year": 1990.0, "form_type": "long", "field_name": "do_id"}}, {"model": "admin.logentry", "pk": 1, "fields": {"action_time": "2021-03-10T20:45:57.212Z", "user": 1, "content_type": 10, "object_id": "2", "object_repr": "data_entry", "action_flag": 1, "change_message": "[{\"added\": {}}]"}}, {"model": "admin.logentry", "pk": 2, "fields": {"action_time": "2021-04-14T18:19:54.886Z", "user": 1, "content_type": 11, "object_id": "17", "object_repr": "morga424", "action_flag": 2, "change_message": "[{\"changed\": {\"fields\": [\"First name\", \"Last name\", \"Staff status\", \"Superuser status\"]}}]"}}, {"model": "admin.logentry", "pk": 3, "fields": {"action_time": "2021-04-14T18:25:53.235Z", "user": 17, "content_type": 11, "object_id": "17", "object_repr": "morga424", "action_flag": 2, "change_message": "[{\"changed\": {\"fields\": [\"password\"]}}]"}}, {"model": "admin.logentry", "pk": 4, "fields": {"action_time": "2021-04-14T18:26:12.233Z", "user": 17, "content_type": 11, "object_id": "17", "object_repr": "morga424", "action_flag": 2, "change_message": "[{\"changed\": {\"fields\": [\"First name\", \"Email address\"]}}]"}}, {"model": "auth.permission", "pk": 1, "fields": {"name": "Can add breaker", "content_type": 1, "codename": "add_breaker"}}, {"model": "auth.permission", "pk": 2, "fields": {"name": "Can change breaker", "content_type": 1, "codename": "change_breaker"}}, {"model": "auth.permission", "pk": 3, "fields": {"name": "Can delete breaker", "content_type": 1, "codename": "delete_breaker"}}, {"model": "auth.permission", "pk": 4, "fields": {"name": "Can view breaker", "content_type": 1, "codename": "view_breaker"}}, {"model": "auth.permission", "pk": 5, "fields": {"name": "Can add current entry", "content_type": 2, "codename": "add_currententry"}}, {"model": "auth.permission", "pk": 6, "fields": {"name": "Can change current entry", "content_type": 2, "codename": "change_currententry"}}, {"model": "auth.permission", "pk": 7, "fields": {"name": "Can delete current entry", "content_type": 2, "codename": "delete_currententry"}}, {"model": "auth.permission", "pk": 8, "fields": {"name": "Can view current entry", "content_type": 2, "codename": "view_currententry"}}, {"model": "auth.permission", "pk": 9, "fields": {"name": "Can add form field", "content_type": 3, "codename": "add_formfield"}}, {"model": "auth.permission", "pk": 10, "fields": {"name": "Can change form field", "content_type": 3, "codename": "change_formfield"}}, {"model": "auth.permission", "pk": 11, "fields": {"name": "Can delete form field", "content_type": 3, "codename": "delete_formfield"}}, {"model": "auth.permission", "pk": 12, "fields": {"name": "Can view form field", "content_type": 3, "codename": "view_formfield"}}, {"model": "auth.permission", "pk": 13, "fields": {"name": "Can add image", "content_type": 4, "codename": "add_image"}}, {"model": "auth.permission", "pk": 14, "fields": {"name": "Can change image", "content_type": 4, "codename": "change_image"}}, {"model": "auth.permission", "pk": 15, "fields": {"name": "Can delete image", "content_type": 4, "codename": "delete_image"}}, {"model": "auth.permission", "pk": 16, "fields": {"name": "Can view image", "content_type": 4, "codename": "view_image"}}, {"model": "auth.permission", "pk": 17, "fields": {"name": "Can add sheet", "content_type": 5, "codename": "add_sheet"}}, {"model": "auth.permission", "pk": 18, "fields": {"name": "Can change sheet", "content_type": 5, "codename": "change_sheet"}}, {"model": "auth.permission", "pk": 19, "fields": {"name": "Can delete sheet", "content_type": 5, "codename": "delete_sheet"}}, {"model": "auth.permission", "pk": 20, "fields": {"name": "Can view sheet", "content_type": 5, "codename": "view_sheet"}}, {"model": "auth.permission", "pk": 21, "fields": {"name": "Can add record", "content_type": 6, "codename": "add_record"}}, {"model": "auth.permission", "pk": 22, "fields": {"name": "Can change record", "content_type": 6, "codename": "change_record"}}, {"model": "auth.permission", "pk": 23, "fields": {"name": "Can delete record", "content_type": 6, "codename": "delete_record"}}, {"model": "auth.permission", "pk": 24, "fields": {"name": "Can view record", "content_type": 6, "codename": "view_record"}}, {"model": "auth.permission", "pk": 25, "fields": {"name": "Can add other image", "content_type": 7, "codename": "add_otherimage"}}, {"model": "auth.permission", "pk": 26, "fields": {"name": "Can change other image", "content_type": 7, "codename": "change_otherimage"}}, {"model": "auth.permission", "pk": 27, "fields": {"name": "Can delete other image", "content_type": 7, "codename": "delete_otherimage"}}, {"model": "auth.permission", "pk": 28, "fields": {"name": "Can view other image", "content_type": 7, "codename": "view_otherimage"}}, {"model": "auth.permission", "pk": 29, "fields": {"name": "Can add log entry", "content_type": 8, "codename": "add_logentry"}}, {"model": "auth.permission", "pk": 30, "fields": {"name": "Can change log entry", "content_type": 8, "codename": "change_logentry"}}, {"model": "auth.permission", "pk": 31, "fields": {"name": "Can delete log entry", "content_type": 8, "codename": "delete_logentry"}}, {"model": "auth.permission", "pk": 32, "fields": {"name": "Can view log entry", "content_type": 8, "codename": "view_logentry"}}, {"model": "auth.permission", "pk": 33, "fields": {"name": "Can add permission", "content_type": 9, "codename": "add_permission"}}, {"model": "auth.permission", "pk": 34, "fields": {"name": "Can change permission", "content_type": 9, "codename": "change_permission"}}, {"model": "auth.permission", "pk": 35, "fields": {"name": "Can delete permission", "content_type": 9, "codename": "delete_permission"}}, {"model": "auth.permission", "pk": 36, "fields": {"name": "Can view permission", "content_type": 9, "codename": "view_permission"}}, {"model": "auth.permission", "pk": 37, "fields": {"name": "Can add group", "content_type": 10, "codename": "add_group"}}, {"model": "auth.permission", "pk": 38, "fields": {"name": "Can change group", "content_type": 10, "codename": "change_group"}}, {"model": "auth.permission", "pk": 39, "fields": {"name": "Can delete group", "content_type": 10, "codename": "delete_group"}}, {"model": "auth.permission", "pk": 40, "fields": {"name": "Can view group", "content_type": 10, "codename": "view_group"}}, {"model": "auth.permission", "pk": 41, "fields": {"name": "Can add user", "content_type": 11, "codename": "add_user"}}, {"model": "auth.permission", "pk": 42, "fields": {"name": "Can change user", "content_type": 11, "codename": "change_user"}}, {"model": "auth.permission", "pk": 43, "fields": {"name": "Can delete user", "content_type": 11, "codename": "delete_user"}}, {"model": "auth.permission", "pk": 44, "fields": {"name": "Can view user", "content_type": 11, "codename": "view_user"}}, {"model": "auth.permission", "pk": 45, "fields": {"name": "Can add content type", "content_type": 12, "codename": "add_contenttype"}}, {"model": "auth.permission", "pk": 46, "fields": {"name": "Can change content type", "content_type": 12, "codename": "change_contenttype"}}, {"model": "auth.permission", "pk": 47, "fields": {"name": "Can delete content type", "content_type": 12, "codename": "delete_contenttype"}}, {"model": "auth.permission", "pk": 48, "fields": {"name": "Can view content type", "content_type": 12, "codename": "view_contenttype"}}, {"model": "auth.permission", "pk": 49, "fields": {"name": "Can add session", "content_type": 13, "codename": "add_session"}}, {"model": "auth.permission", "pk": 50, "fields": {"name": "Can change session", "content_type": 13, "codename": "change_session"}}, {"model": "auth.permission", "pk": 51, "fields": {"name": "Can delete session", "content_type": 13, "codename": "delete_session"}}, {"model": "auth.permission", "pk": 52, "fields": {"name": "Can view session", "content_type": 13, "codename": "view_session"}}, {"model": "auth.permission", "pk": 53, "fields": {"name": "Can add breaker", "content_type": 1, "codename": "can_add_breaker"}}, {"model": "auth.permission", "pk": 55, "fields": {"name": "Can change breaker", "content_type": 1, "codename": "can_change_breaker"}}, {"model": "auth.permission", "pk": 56, "fields": {"name": "Can view breaker", "content_type": 1, "codename": "can_view_breaker"}}, {"model": "auth.permission", "pk": 57, "fields": {"name": "Can add image file", "content_type": 14, "codename": "add_imagefile"}}, {"model": "auth.permission", "pk": 58, "fields": {"name": "Can change image file", "content_type": 14, "codename": "change_imagefile"}}, {"model": "auth.permission", "pk": 59, "fields": {"name": "Can delete image file", "content_type": 14, "codename": "delete_imagefile"}}, {"model": "auth.permission", "pk": 60, "fields": {"name": "Can view image file", "content_type": 14, "codename": "view_imagefile"}}, {"model": "auth.group", "pk": 2, "fields": {"name": "data_entry", "permissions": [1, 53, 55, 56, 2, 3, 4, 5, 6, 7, 8, 14, 16, 25, 26, 27, 28, 21, 22, 23, 24, 17, 18, 19, 20]}}, {"model": "auth.user", "pk": 1, "fields": {"password": "pbkdf2_sha256$216000$7yLQMZIb4VmG$HIwwANwd6sfN5mSXA+Y7jqwr5PpGawlTpKrKuZxOJ6I=", "last_login": "2021-04-14T18:17:41.176Z", "is_superuser": true, "username": "admin", "first_name": "", "last_name": "", "email": "cecile.m.murray@census.gov", "is_staff": true, "is_active": true, "date_joined": "2021-03-10T20:01:00.872Z", "groups": [], "user_permissions": []}}, {"model": "auth.user", "pk": 13, "fields": {"password": "pbkdf2_sha256$216000$csO8wte2nwas$h/w9kIg1YktVexU9ytYnla6ZXtXfYMNf9Pov8YBaIxQ=", "last_login": "2021-04-14T18:21:44.751Z", "is_superuser": false, "username": "jbid123", "first_name": "", "last_name": "", "email": "", "is_staff": false, "is_active": true, "date_joined": "2021-03-12T19:55:49.254Z", "groups": [2], "user_permissions": []}}, {"model": "auth.user", "pk": 14, "fields": {"password": "pbkdf2_sha256$216000$C7fBtGg36h4m$5Gh6oOOUaPysPi+5+ZPojQkMz+2kVCObg3JV/PiqVY0=", "last_login": null, "is_superuser": false, "username": "jbid456", "first_name": "", "last_name": "", "email": "", "is_staff": false, "is_active": true, "date_joined": "2021-03-12T19:55:49.410Z", "groups": [2], "user_permissions": []}}, {"model": "auth.user", "pk": 15, "fields": {"password": "pbkdf2_sha256$216000$bMilLRHdv4CJ$iJaEYrLxukokMDbi7SqD/fx4fDErjOpTxsYV+ROziYo=", "last_login": "2021-03-17T14:08:29.436Z", "is_superuser": false, "username": "jbid999", "first_name": "", "last_name": "", "email": "", "is_staff": false, "is_active": true, "date_joined": "2021-03-12T19:55:49.564Z", "groups": [2], "user_permissions": []}}, {"model": "auth.user", "pk": 16, "fields": {"password": "pbkdf2_sha256$216000$FJhYvmEp5h4r$5VHb1AKoadWSFdE8x2E/ZbDRZG9313C/AZNV5fTPSBw=", "last_login": "2021-04-02T17:43:17.920Z", "is_superuser": false, "username": "mosca303", "first_name": "", "last_name": "", "email": "", "is_staff": false, "is_active": true, "date_joined": "2021-04-02T17:38:19.463Z", "groups": [2], "user_permissions": []}}, {"model": "auth.user", "pk": 17, "fields": {"password": "pbkdf2_sha256$216000$9Nw9XtYDUJiR$WIoxlIQgEMvzjcvL8ur8FcKHl6MYTMaad5F6QPRF6IM=", "last_login": "2021-04-14T18:22:13Z", "is_superuser": true, "username": "morga424", "first_name": "Jonathan", "last_name": "Morgan", "email": "jonathan.s.morgan@census.gov", "is_staff": true, "is_active": true, "date_joined": "2021-04-02T17:39:02Z", "groups": [2], "user_permissions": []}}, {"model": "contenttypes.contenttype", "pk": 1, "fields": {"app_label": "EntryApp", "model": "breaker"}}, {"model": "contenttypes.contenttype", "pk": 2, "fields": {"app_label": "EntryApp", "model": "currententry"}}, {"model": "contenttypes.contenttype", "pk": 3, "fields": {"app_label": "EntryApp", "model": "formfield"}}, {"model": "contenttypes.contenttype", "pk": 4, "fields": {"app_label": "EntryApp", "model": "image"}}, {"model": "contenttypes.contenttype", "pk": 5, "fields": {"app_label": "EntryApp", "model": "sheet"}}, {"model": "contenttypes.contenttype", "pk": 6, "fields": {"app_label": "EntryApp", "model": "record"}}, {"model": "contenttypes.contenttype", "pk": 7, "fields": {"app_label": "EntryApp", "model": "otherimage"}}, {"model": "contenttypes.contenttype", "pk": 8, "fields": {"app_label": "admin", "model": "logentry"}}, {"model": "contenttypes.contenttype", "pk": 9, "fields": {"app_label": "auth", "model": "permission"}}, {"model": "contenttypes.contenttype", "pk": 10, "fields": {"app_label": "auth", "model": "group"}}, {"model": "contenttypes.contenttype", "pk": 11, "fields": {"app_label": "auth", "model": "user"}}, {"model": "contenttypes.contenttype", "pk": 12, "fields": {"app_label": "contenttypes", "model": "contenttype"}}, {"model": "contenttypes.contenttype", "pk": 13, "fields": {"app_label": "sessions", "model": "session"}}, {"model": "contenttypes.contenttype", "pk": 14, "fields": {"app_label": "EntryApp", "model": "imagefile"}}, {"model": "sessions.session", "pk": "4ca1zw2hl6f0is2lnhc292sdyy979ja1", "fields": {"session_data": ".eJxVjEEOwiAQRe_C2hCYdiq4dN8zkBkYpGpoUtqV8e7apAvd_vfef6lA21rC1mQJU1IXZTt1-h2Z4kPqTtKd6m3Wca7rMrHeFX3Qpsc5yfN6uH8HhVr51lkAwPmeYj4DWodsEomnzkH2jpAzILDpvE3sGQbHA4IH7FkkGkzq_QEGNDgI:1lWk92:2OBrbijqpJ5zZi1qksajQDTz2ptZOy4OY3GHab2xCCk", "expire_date": "2021-04-28T18:21:44.753Z"}}, {"model": "sessions.session", "pk": "7r5tw5t0hedp94x1yhmtvfvm86qm03ej", "fields": {"session_data": ".eJxVjEEOwiAQRe_C2hCYdiq4dN8zkBkYpGpoUtqV8e7apAvd_vfef6lA21rC1mQJU1IXZTt1-h2Z4kPqTtKd6m3Wca7rMrHeFX3Qpsc5yfN6uH8HhVr51lkAwPmeYj4DWodsEomnzkH2jpAzILDpvE3sGQbHA4IH7FkkGkzq_QEGNDgI:1lUv6Q:ocvAT_R8ixzm_5m6WaCyRxCT0d0XIhe7quZsWPut94E", "expire_date": "2021-04-23T17:39:30.527Z"}}, {"model": "sessions.session", "pk": "abnjo4csqepuhswqmtvhj8az0whlrigg", "fields": {"session_data": ".eJxVjDsOwjAQBe_iGlnxdzElfc5g7fqDA8iW4qRC3B0spYDiNW9G82Ie9634vafVL5FdmGCn348wPFIdIN6x3hoPrW7rQnwo_KCdzy2m5_Vw_wIFexnZNIHEGCB9h-5sp-xAG6WsEQJJgaaQAzgAK0x2VgctASRZQsqQBHt_ANx9N7M:1lRzJB:Y8-6lL6EfSRqzhnue8HY8N2fMLEEIH3Ppyh7h3m0LSc", "expire_date": "2021-04-15T15:32:33.013Z"}}, {"model": "sessions.session", "pk": "aq2bgbl0mh10fampo0ibmmh63zr2313e", "fields": {"session_data": ".eJxVjMsOwiAURP-FtSG82oJL934DgfuQqqFJaVfGf1eSLnQ5c87MS8S0byXujdY4ozgLPYnTb5kTPKh2gvdUb4uEpW7rnGVX5EGbvC5Iz8vh_h2U1Mp3nZQD72AgozIb4tH6AMpai-QBvWcKWveQAtIYHDFNgR0adhwGRPH-ACIaOSA:1lWkD3:gH81iKFqptqz-a_xE3OtIvoJtrnttLHt7T-UKvy4tIM", "expire_date": "2021-04-28T18:25:53.243Z"}}, {"model": "sessions.session", "pk": "dnrnjsu21p7h6apwzv60j1agut30mn9w", "fields": {"session_data": ".eJxVjEEOwiAQRe_C2hCYdiq4dN8zkBkYpGpoUtqV8e7apAvd_vfef6lA21rC1mQJU1IXZTt1-h2Z4kPqTtKd6m3Wca7rMrHeFX3Qpsc5yfN6uH8HhVr51lkAwPmeYj4DWodsEomnzkH2jpAzILDpvE3sGQbHA4IH7FkkGkzq_QEGNDgI:1lMyb1:Y8gll0Vyvaf_GuwEAum8iyaSX7DKH6kqrhydz51SXII", "expire_date": "2021-04-01T19:46:15.283Z"}}, {"model": "sessions.session", "pk": "mlytosgsr70ptsclpovxvn1r19bmt21d", "fields": {"session_data": ".eJxVjDsOwjAQBe_iGlm7G39iSnrOYK1_OIAcKU4qxN0hUgpo38y8l_C8rdVvPS9-SuIsUIvT7xg4PnLbSbpzu80yzm1dpiB3RR60y-uc8vNyuH8HlXv91qQBOASKgyYk1EaHMRYFyiiLDrO14EosmrI1YDKPDIDEkdANpJIT7w_ZWzbK:1lMWqb:s5F16MiI540xacB-z410bZIggBOatGWrvAD3t9fyYCY", "expire_date": "2021-03-31T14:08:29.439Z"}}, {"model": "sessions.session", "pk": "vjwz164z0ae0i7b13k95meoimo3to7k7", "fields": {"session_data": ".eJxVjEEOwiAQRe_C2hCYdiq4dN8zkBkYpGpoUtqV8e7apAvd_vfef6lA21rC1mQJU1IXZTt1-h2Z4kPqTtKd6m3Wca7rMrHeFX3Qpsc5yfN6uH8HhVr51lkAwPmeYj4DWodsEomnzkH2jpAzILDpvE3sGQbHA4IH7FkkGkzq_QEGNDgI:1lMVzp:nSiKboRu0Or6P3CXUeofmdNjI2l8UX5n5hU9WOjJiXQ", "expire_date": "2021-03-31T13:13:57.195Z"}}]